Using pre-set license
Built from '6000.2/staging' branch; Version is '6000.2.0b10 (49b019a01a23) revision 4829209'; Using compiler version '194234433'; Build Type 'Release'
OS: 'Windows 11  (10.0.26100) 64bit CoreSingleLanguage' Language: 'en' Physical Memory: 10186 MB
BatchMode: 1, IsHumanControllingUs: 0, StartBugReporterOnCrash: 0, Is64bit: 1
Date: 2025-07-26T06:29:11Z

COMMAND LINE ARGUMENTS:
E:\Program Files\Unity\Hub\Editor\6000.2.0b10\Editor\Unity.exe
-adb2
-batchMode
-noUpm
-name
AssetImportWorker0
-projectPath
E:/Unity Projects/Haunted House
-logFile
Logs/AssetImportWorker0.log
-srvPort
62159
-job-worker-count
1
-background-job-worker-count
8
-gc-helper-count
1
-name
AssetImport
Successfully changed project path to: E:/Unity Projects/Haunted House
E:/Unity Projects/Haunted House
[UnityMemory] Configuration Parameters - Can be set up in boot.config
    "memorysetup-allocator-temp-initial-block-size-main=262144"
    "memorysetup-allocator-temp-initial-block-size-worker=262144"
    "memorysetup-bucket-allocator-granularity=16"
    "memorysetup-bucket-allocator-bucket-count=8"
    "memorysetup-bucket-allocator-block-size=33554432"
    "memorysetup-bucket-allocator-block-count=8"
    "memorysetup-main-allocator-block-size=16777216"
    "memorysetup-thread-allocator-block-size=16777216"
    "memorysetup-gfx-main-allocator-block-size=16777216"
    "memorysetup-gfx-thread-allocator-block-size=16777216"
    "memorysetup-cache-allocator-block-size=4194304"
    "memorysetup-typetree-allocator-block-size=2097152"
    "memorysetup-profiler-bucket-allocator-granularity=16"
    "memorysetup-profiler-bucket-allocator-bucket-count=8"
    "memorysetup-profiler-bucket-allocator-block-size=33554432"
    "memorysetup-profiler-bucket-allocator-block-count=8"
    "memorysetup-profiler-allocator-block-size=16777216"
    "memorysetup-profiler-editor-allocator-block-size=1048576"
    "memorysetup-temp-allocator-size-main=16777216"
    "memorysetup-job-temp-allocator-block-size=2097152"
    "memorysetup-job-temp-allocator-block-size-background=1048576"
    "memorysetup-job-temp-allocator-reduction-small-platforms=262144"
    "memorysetup-temp-allocator-size-background-worker=32768"
    "memorysetup-temp-allocator-size-job-worker=262144"
    "memorysetup-temp-allocator-size-preload-manager=33554432"
    "memorysetup-temp-allocator-size-nav-mesh-worker=65536"
    "memorysetup-temp-allocator-size-audio-worker=65536"
    "memorysetup-temp-allocator-size-cloud-worker=32768"
    "memorysetup-temp-allocator-size-gi-baking-worker=262144"
    "memorysetup-temp-allocator-size-gi-baking-worker=262144"
    "memorysetup-temp-allocator-size-gi-baking-worker=262144"
    "memorysetup-temp-allocator-size-gi-baking-worker=262144"
    "memorysetup-temp-allocator-size-gi-baking-worker=262144"
    "memorysetup-temp-allocator-size-gfx=262144"
Player connection [11800]  Target information:

Player connection [11800]  * "[IP] 192.168.1.39 [Port] 0 [Flags] 2 [Guid] 277497310 [EditorId] 277497310 [Version] 1048832 [Id] WindowsEditor(7,KING) [Debug] 1 [PackageName] WindowsEditor [ProjectName] Editor" 

Player connection [11800] Host joined multi-casting on [225.0.0.222:54997]...
Player connection [11800] Host joined alternative multi-casting on [225.0.0.222:34997]...
JobSystem: Creating JobQueue using job-worker-count value 1
Input System module state changed to: Initialized.
[Physics::Module] Initialized fallback backend.
[Physics::Module] Id: 0xdecafbad
Library Redirect Path: Library/
[Physics::Module] Selected backend.
[Physics::Module] Name: PhysX
[Physics::Module] Id: 0xf2b8ea05
[Physics::Module] SDK Version: 4.1.2
[Physics::Module] Integration Version: 1.0.0
[Physics::Module] Threading Mode: Multi-Threaded
Refreshing native plugins compatible for Editor in 976.07 ms, found 7 plugins.
Preloading 0 native plugins for Editor in 0.00 ms.
Initialize engine version: 6000.2.0b10 (49b019a01a23)
[Subsystems] Discovering subsystems at path E:/Program Files/Unity/Hub/Editor/6000.2.0b10/Editor/Data/Resources/UnitySubsystems
[Subsystems] Discovering subsystems at path E:/Unity Projects/Haunted House/Assets
GfxDevice: creating device client; kGfxThreadingModeNonThreaded
Direct3D:
    Version:         Direct3D 12 [level 12.1]
    Renderer:        AMD Radeon(TM) Vega 3 Graphics (ID=0x15d8)
    Vendor:          ATI
    VRAM:            5093 MB
    App VRAM Budget: 6514 MB
    Driver:          31.0.21923.1000
    Unified Memory Architecture
Initialize mono
Mono path[0] = 'E:/Program Files/Unity/Hub/Editor/6000.2.0b10/Editor/Data/Managed'
Mono path[1] = 'E:/Program Files/Unity/Hub/Editor/6000.2.0b10/Editor/Data/MonoBleedingEdge/lib/mono/unityjit-win32'
Mono config path = 'E:/Program Files/Unity/Hub/Editor/6000.2.0b10/Editor/Data/MonoBleedingEdge/etc'
Using monoOptions --debugger-agent=transport=dt_socket,embedding=1,server=y,suspend=n,address=127.0.0.1:56188
Begin MonoManager ReloadAssembly
Registering precompiled unity dll's ...
Register platform support module: E:/Program Files/Unity/Hub/Editor/6000.2.0b10/Editor/Data/PlaybackEngines/WebGLSupport/UnityEditor.WebGL.Extensions.dll
Register platform support module: E:/Program Files/Unity/Hub/Editor/6000.2.0b10/Editor/Data/PlaybackEngines/WindowsStandaloneSupport/UnityEditor.WindowsStandalone.Extensions.dll
Register platform support module: E:/Program Files/Unity/Hub/Editor/6000.2.0b10/Editor/Data/PlaybackEngines/MetroSupport/UnityEditor.UWP.Extensions.dll
Registered in 0.073229 seconds.
- Loaded All Assemblies, in  2.513 seconds
Native extension for UWP target not found
Native extension for WindowsStandalone target not found
Native extension for WebGL target not found
Mono: successfully reloaded assembly
- Finished resetting the current domain, in  1.123 seconds
Domain Reload Profiling: 3635ms
	BeginReloadAssembly (1439ms)
		ExecutionOrderSort (0ms)
		DisableScriptedObjects (0ms)
		BackupInstance (0ms)
		ReleaseScriptingObjects (0ms)
		CreateAndSetChildDomain (1ms)
	RebuildCommonClasses (92ms)
	RebuildNativeTypeToScriptingClass (25ms)
	initialDomainReloadingComplete (165ms)
	LoadAllAssembliesAndSetupDomain (789ms)
		LoadAssemblies (1480ms)
		RebuildTransferFunctionScriptingTraits (0ms)
		AnalyzeDomain (739ms)
			TypeCache.Refresh (736ms)
				TypeCache.ScanAssembly (703ms)
			BuildScriptInfoCaches (0ms)
			ResolveRequiredComponents (1ms)
	FinalizeReload (1124ms)
		ReleaseScriptCaches (0ms)
		RebuildScriptCaches (0ms)
		SetupLoadedEditorAssemblies (985ms)
			LogAssemblyErrors (0ms)
			InitializePlatformSupportModulesInManaged (176ms)
			SetLoadedEditorAssemblies (10ms)
			BeforeProcessingInitializeOnLoad (206ms)
			ProcessInitializeOnLoadAttributes (404ms)
			ProcessInitializeOnLoadMethodAttributes (190ms)
			AfterProcessingInitializeOnLoad (0ms)
			EditorAssembliesLoaded (0ms)
		ExecutionOrderSort2 (0ms)
		AwakeInstancesAfterBackupRestoration (0ms)
Assembly reference Packages/com.unity.cinemachine/Editor/Samples/ExposeHDRPInternals/HDRP-Editor-ref.asmref has no target assembly definition
========================================================================
Worker process is ready to serve import requests
Import Worker Mode flag is 0x00
Assembly reference Packages/com.unity.cinemachine/Editor/Samples/ExposeHDRPInternals/HDRP-Editor-ref.asmref has no target assembly definition
Assembly reference Packages/com.unity.cinemachine/Editor/Samples/ExposeHDRPInternals/HDRP-Editor-ref.asmref has no target assembly definition
Begin MonoManager ReloadAssembly
Duplicate assembly 'System.Runtime.CompilerServices.Unsafe.dll' with different versions detected, using 'Packages/com.unity.collections/Unity.Collections.Tests/System.Runtime.CompilerServices.Unsafe/System.Runtime.CompilerServices.Unsafe.dll, AssemblyName=System.Runtime.CompilerServices.Unsafe, Version=6.0.0.0, Culture=neutral, PublicKeyToken=b03f5f7f11d50a3a' and ignoring 'Packages/com.unity.ai.assistant/Plugins/Markdig/Dependencies/System.Runtime.CompilerServices.Unsafe.dll, AssemblyName=System.Runtime.CompilerServices.Unsafe, Version=4.0.6.0, Culture=neutral, PublicKeyToken=b03f5f7f11d50a3a'.Symbol file LoadedFromMemory is not a mono symbol file
Symbol file LoadedFromMemory is not a mono symbol file
- Loaded All Assemblies, in  7.583 seconds
Assembly reference Packages/com.unity.cinemachine/Editor/Samples/ExposeHDRPInternals/HDRP-Editor-ref.asmref has no target assembly definition
'Packages/com.unity.cinemachine/Editor/Obsolete/CinemachineVirtualCameraBaseEditor.cs' contains partial class of Unity.Object, exactly 1 of the partial classes needs to be in a file with the same filename. This is to know the one that can be referenced from ie. GameObjects
'Packages/com.unity.cinemachine/Editor/Editors/CinemachineVirtualCameraBaseEditor.cs' contains partial class of Unity.Object, exactly 1 of the partial classes needs to be in a file with the same filename. This is to know the one that can be referenced from ie. GameObjects
Refreshing native plugins compatible for Editor in 8.24 ms, found 7 plugins.
Native extension for UWP target not found
Native extension for WindowsStandalone target not found
Native extension for WebGL target not found
Assembly reference Packages/com.unity.cinemachine/Editor/Samples/ExposeHDRPInternals/HDRP-Editor-ref.asmref has no target assembly definition
Package Manager log level set to [2]
[Package Manager] Failed to launch server process. Reason: Unity was launched with the -noUpm command-line argument
[Package Manager] Unable to send message (not connected to server process).
[Package Manager] Cannot connect to Unity Package Manager local server
Mono: successfully reloaded assembly
- Finished resetting the current domain, in  4.476 seconds
Domain Reload Profiling: 12054ms
	BeginReloadAssembly (547ms)
		ExecutionOrderSort (0ms)
		DisableScriptedObjects (20ms)
		BackupInstance (0ms)
		ReleaseScriptingObjects (0ms)
		CreateAndSetChildDomain (76ms)
	RebuildCommonClasses (115ms)
	RebuildNativeTypeToScriptingClass (31ms)
	initialDomainReloadingComplete (101ms)
	LoadAllAssembliesAndSetupDomain (6783ms)
		LoadAssemblies (5715ms)
		RebuildTransferFunctionScriptingTraits (0ms)
		AnalyzeDomain (1413ms)
			TypeCache.Refresh (1133ms)
				TypeCache.ScanAssembly (1056ms)
			BuildScriptInfoCaches (216ms)
			ResolveRequiredComponents (54ms)
	FinalizeReload (4477ms)
		ReleaseScriptCaches (0ms)
		RebuildScriptCaches (0ms)
		SetupLoadedEditorAssemblies (2688ms)
			LogAssemblyErrors (0ms)
			InitializePlatformSupportModulesInManaged (13ms)
			SetLoadedEditorAssemblies (15ms)
			BeforeProcessingInitializeOnLoad (588ms)
			ProcessInitializeOnLoadAttributes (1571ms)
			ProcessInitializeOnLoadMethodAttributes (490ms)
			AfterProcessingInitializeOnLoad (9ms)
			EditorAssembliesLoaded (1ms)
		ExecutionOrderSort2 (0ms)
		AwakeInstancesAfterBackupRestoration (21ms)
Launched and connected shader compiler UnityShaderCompiler.exe after 0.13 seconds
Refreshing native plugins compatible for Editor in 14.44 ms, found 7 plugins.
Preloading 0 native plugins for Editor in 0.00 ms.
Unloading 67 Unused Serialized files (Serialized files now loaded: 0)
Unloading 8115 unused Assets / (20.8 MB). Loaded Objects now: 8822.
Memory consumption went from 169.2 MB to 148.5 MB.
Total: 37.096400 ms (FindLiveObjects: 1.493000 ms CreateObjectMapping: 3.894200 ms MarkObjects: 17.578100 ms  DeleteObjects: 14.129100 ms)

========================================================================
Received Import Request.
  Time since last request: 167027.589143 seconds.
  path: Assets/_3DStealthGame/Scenes/Main.unity
  artifactKey: Guid(2fd2aeda3a6c2b64ca0187777af1b8c6) Importer(2089858483,192608db42251d675da83286b1cce702)
Start importing Assets/_3DStealthGame/Scenes/Main.unity using Guid(2fd2aeda3a6c2b64ca0187777af1b8c6) Importer(2089858483,192608db42251d675da83286b1cce702) (ScriptedImporter) -> (artifact id: '073f95ab851b5a1a4c00c89eb769ec84') in 0.6304991 seconds
Number of updated asset objects reloaded before import = 0Number of asset objects unloaded after import = 1

========================================================================
Received Import Request.
  Time since last request: 1.656040 seconds.
  path: Assets/_3DStealthGame/Prefabs/Characters/Gargoyle.prefab
  artifactKey: Guid(e12c6181180af264281113af293cb5f7) Importer(2089858483,192608db42251d675da83286b1cce702)
Start importing Assets/_3DStealthGame/Prefabs/Characters/Gargoyle.prefab using Guid(e12c6181180af264281113af293cb5f7) Importer(2089858483,192608db42251d675da83286b1cce702) (ScriptedImporter) -> (artifact id: '4bdd745666d2a9ad2b7a346b0eecf103') in 0.1144147 seconds
Number of updated asset objects reloaded before import = 0Number of asset objects unloaded after import = 11

========================================================================
Received Import Request.
  Time since last request: 93.907110 seconds.
  path: Assets/_3DStealthGame/Art/Animation/Animator/Gargoyle_Controller.controller
  artifactKey: Guid(9dc4239fc30273f48b248e199e29d7e4) Importer(815301076,1909f56bfc062723c751e8b465ee728b)
Start importing Assets/_3DStealthGame/Art/Animation/Animator/Gargoyle_Controller.controller using Guid(9dc4239fc30273f48b248e199e29d7e4) Importer(815301076,1909f56bfc062723c751e8b465ee728b) (PreviewImporter) -> (artifact id: '9272cc9988891e7642c00f70281b1fa2') in 0.0926408 seconds
Number of updated asset objects reloaded before import = 0Number of asset objects unloaded after import = 1

========================================================================
Received Import Request.
  Time since last request: 0.505377 seconds.
  path: Assets/_3DStealthGame/Art/Animation/Animator/Gargoyle_Controller.controller
  artifactKey: Guid(9dc4239fc30273f48b248e199e29d7e4) Importer(2089858483,192608db42251d675da83286b1cce702)
Start importing Assets/_3DStealthGame/Art/Animation/Animator/Gargoyle_Controller.controller using Guid(9dc4239fc30273f48b248e199e29d7e4) Importer(2089858483,192608db42251d675da83286b1cce702) (ScriptedImporter) -> (artifact id: '664c3cd6f5d9e729189d0fcf5c8da10b') in 0.0467525 seconds
Number of updated asset objects reloaded before import = 0Number of asset objects unloaded after import = 1

========================================================================
Received Import Request.
  Time since last request: 21.071639 seconds.
  path: Assets/_3DStealthGame/Art/Animation/Animator/Gargoyle_Controller.controller
  artifactKey: Guid(9dc4239fc30273f48b248e199e29d7e4) Importer(2089858483,192608db42251d675da83286b1cce702)
Start importing Assets/_3DStealthGame/Art/Animation/Animator/Gargoyle_Controller.controller using Guid(9dc4239fc30273f48b248e199e29d7e4) Importer(2089858483,192608db42251d675da83286b1cce702) (ScriptedImporter) -> (artifact id: '83695ed7652f432d0c3a1718e859b26a') in 0.035747 seconds
Number of updated asset objects reloaded before import = 0Number of asset objects unloaded after import = 2

========================================================================
Received Import Request.
  Time since last request: 0.000050 seconds.
  path: Assets/_3DStealthGame/Scenes/Main.unity
  artifactKey: Guid(2fd2aeda3a6c2b64ca0187777af1b8c6) Importer(2089858483,192608db42251d675da83286b1cce702)
Start importing Assets/_3DStealthGame/Scenes/Main.unity using Guid(2fd2aeda3a6c2b64ca0187777af1b8c6) Importer(2089858483,192608db42251d675da83286b1cce702) (ScriptedImporter) -> (artifact id: '37f61a63b05e4329524be1a910dc8bc1') in 0.2043709 seconds
Number of updated asset objects reloaded before import = 0Number of asset objects unloaded after import = 1

========================================================================
Received Import Request.
  Time since last request: 5.373454 seconds.
  path: Assets/_3DStealthGame/Prefabs/Characters/Gargoyle.prefab
  artifactKey: Guid(e12c6181180af264281113af293cb5f7) Importer(815301076,1909f56bfc062723c751e8b465ee728b)
Start importing Assets/_3DStealthGame/Prefabs/Characters/Gargoyle.prefab using Guid(e12c6181180af264281113af293cb5f7) Importer(815301076,1909f56bfc062723c751e8b465ee728b) (PreviewImporter) -> (artifact id: 'fdfc9dc381890b61a23f095346bee4c2') in 5.3789453 seconds
Number of updated asset objects reloaded before import = 0Number of asset objects unloaded after import = 27

========================================================================
Received Import Request.
  Time since last request: 14.665674 seconds.
  path: Assets/_3DStealthGame/Prefabs/Characters/Gargoyle.prefab
  artifactKey: Guid(e12c6181180af264281113af293cb5f7) Importer(2089858483,192608db42251d675da83286b1cce702)
Start importing Assets/_3DStealthGame/Prefabs/Characters/Gargoyle.prefab using Guid(e12c6181180af264281113af293cb5f7) Importer(2089858483,192608db42251d675da83286b1cce702) (ScriptedImporter) -> (artifact id: '5a26a1de427bda9ffccf22807953ed26') in 0.0802649 seconds
Number of updated asset objects reloaded before import = 0Number of asset objects unloaded after import = 11

========================================================================
Received Import Request.
  Time since last request: 9.421136 seconds.
  path: Assets/_3DStealthGame/Art/Animation/Animator/Gargoyle_Controller.controller
  artifactKey: Guid(9dc4239fc30273f48b248e199e29d7e4) Importer(815301076,1909f56bfc062723c751e8b465ee728b)
Start importing Assets/_3DStealthGame/Art/Animation/Animator/Gargoyle_Controller.controller using Guid(9dc4239fc30273f48b248e199e29d7e4) Importer(815301076,1909f56bfc062723c751e8b465ee728b) (PreviewImporter) -> (artifact id: '029811545f07c73286a733d0a36558d4') in 0.071951 seconds
Number of updated asset objects reloaded before import = 0Number of asset objects unloaded after import = 2

========================================================================
Received Prepare
Assembly reference Packages/com.unity.cinemachine/Editor/Samples/ExposeHDRPInternals/HDRP-Editor-ref.asmref has no target assembly definition
Assembly reference Packages/com.unity.cinemachine/Editor/Samples/ExposeHDRPInternals/HDRP-Editor-ref.asmref has no target assembly definition
Begin MonoManager ReloadAssembly
Duplicate assembly 'System.Runtime.CompilerServices.Unsafe.dll' with different versions detected, using 'Packages/com.unity.collections/Unity.Collections.Tests/System.Runtime.CompilerServices.Unsafe/System.Runtime.CompilerServices.Unsafe.dll, AssemblyName=System.Runtime.CompilerServices.Unsafe, Version=6.0.0.0, Culture=neutral, PublicKeyToken=b03f5f7f11d50a3a' and ignoring 'Packages/com.unity.ai.assistant/Plugins/Markdig/Dependencies/System.Runtime.CompilerServices.Unsafe.dll, AssemblyName=System.Runtime.CompilerServices.Unsafe, Version=4.0.6.0, Culture=neutral, PublicKeyToken=b03f5f7f11d50a3a'.Symbol file LoadedFromMemory is not a mono symbol file
Symbol file LoadedFromMemory is not a mono symbol file
- Loaded All Assemblies, in 12.951 seconds
Assembly reference Packages/com.unity.cinemachine/Editor/Samples/ExposeHDRPInternals/HDRP-Editor-ref.asmref has no target assembly definition
'Packages/com.unity.cinemachine/Editor/Obsolete/CinemachineVirtualCameraBaseEditor.cs' contains partial class of Unity.Object, exactly 1 of the partial classes needs to be in a file with the same filename. This is to know the one that can be referenced from ie. GameObjects
'Packages/com.unity.cinemachine/Editor/Editors/CinemachineVirtualCameraBaseEditor.cs' contains partial class of Unity.Object, exactly 1 of the partial classes needs to be in a file with the same filename. This is to know the one that can be referenced from ie. GameObjects
Refreshing native plugins compatible for Editor in 9.65 ms, found 7 plugins.
Native extension for UWP target not found
Native extension for WindowsStandalone target not found
Native extension for WebGL target not found
Assembly reference Packages/com.unity.cinemachine/Editor/Samples/ExposeHDRPInternals/HDRP-Editor-ref.asmref has no target assembly definition
[Package Manager] Failed to launch server process. Reason: Unity was launched with the -noUpm command-line argument
[Package Manager] Unable to send message (not connected to server process).
[Package Manager] Cannot connect to Unity Package Manager local server
Mono: successfully reloaded assembly
- Finished resetting the current domain, in  3.373 seconds
Domain Reload Profiling: 16303ms
	BeginReloadAssembly (1442ms)
		ExecutionOrderSort (0ms)
		DisableScriptedObjects (76ms)
		BackupInstance (0ms)
		ReleaseScriptingObjects (0ms)
		CreateAndSetChildDomain (243ms)
	RebuildCommonClasses (500ms)
	RebuildNativeTypeToScriptingClass (45ms)
	initialDomainReloadingComplete (166ms)
	LoadAllAssembliesAndSetupDomain (10776ms)
		LoadAssemblies (8791ms)
		RebuildTransferFunctionScriptingTraits (0ms)
		AnalyzeDomain (2965ms)
			TypeCache.Refresh (14ms)
				TypeCache.ScanAssembly (0ms)
			BuildScriptInfoCaches (2901ms)
			ResolveRequiredComponents (36ms)
	FinalizeReload (3374ms)
		ReleaseScriptCaches (0ms)
		RebuildScriptCaches (0ms)
		SetupLoadedEditorAssemblies (2777ms)
			LogAssemblyErrors (0ms)
			InitializePlatformSupportModulesInManaged (6ms)
			SetLoadedEditorAssemblies (13ms)
			BeforeProcessingInitializeOnLoad (844ms)
			ProcessInitializeOnLoadAttributes (1438ms)
			ProcessInitializeOnLoadMethodAttributes (466ms)
			AfterProcessingInitializeOnLoad (10ms)
			EditorAssembliesLoaded (1ms)
		ExecutionOrderSort2 (0ms)
		AwakeInstancesAfterBackupRestoration (43ms)
Refreshing native plugins compatible for Editor in 11.12 ms, found 7 plugins.
Preloading 0 native plugins for Editor in 0.00 ms.
Unloading 67 Unused Serialized files (Serialized files now loaded: 0)
Unloading 8114 unused Assets / (20.0 MB). Loaded Objects now: 8870.
Memory consumption went from 184.4 MB to 164.4 MB.
Total: 47.528200 ms (FindLiveObjects: 3.263000 ms CreateObjectMapping: 3.291700 ms MarkObjects: 19.824600 ms  DeleteObjects: 21.146000 ms)

Prepare: number of updated asset objects reloaded= 0
========================================================================
Received Import Request.
  Time since last request: 140.483230 seconds.
  path: Assets/_3DStealthGame/Scenes/Main.unity
  artifactKey: Guid(2fd2aeda3a6c2b64ca0187777af1b8c6) Importer(2089858483,192608db42251d675da83286b1cce702)
Start importing Assets/_3DStealthGame/Scenes/Main.unity using Guid(2fd2aeda3a6c2b64ca0187777af1b8c6) Importer(2089858483,192608db42251d675da83286b1cce702) (ScriptedImporter) -> (artifact id: 'a0307afa75e4a44c0e790179af7d2c4f') in 0.6944075 seconds
Number of updated asset objects reloaded before import = 0Number of asset objects unloaded after import = 1

========================================================================
Received Import Request.
  Time since last request: 0.000075 seconds.
  path: Assets/_3DStealthGame/Art/Animation/Animator/Gargoyle_Controller.controller
  artifactKey: Guid(9dc4239fc30273f48b248e199e29d7e4) Importer(2089858483,192608db42251d675da83286b1cce702)
Start importing Assets/_3DStealthGame/Art/Animation/Animator/Gargoyle_Controller.controller using Guid(9dc4239fc30273f48b248e199e29d7e4) Importer(2089858483,192608db42251d675da83286b1cce702) (ScriptedImporter) -> (artifact id: '00365616879398b63160985d115068f4') in 0.1124902 seconds
Number of updated asset objects reloaded before import = 0Number of asset objects unloaded after import = 4

========================================================================
Received Import Request.
  Time since last request: 20.955907 seconds.
  path: Assets/_3DStealthGame/Prefabs/Characters/Gargoyle.prefab
  artifactKey: Guid(e12c6181180af264281113af293cb5f7) Importer(815301076,1909f56bfc062723c751e8b465ee728b)
Start importing Assets/_3DStealthGame/Prefabs/Characters/Gargoyle.prefab using Guid(e12c6181180af264281113af293cb5f7) Importer(815301076,1909f56bfc062723c751e8b465ee728b) (PreviewImporter) -> (artifact id: '1ae7977a133eb80ec34ca26dca18430e') in 1.5249546 seconds
Number of updated asset objects reloaded before import = 0Number of asset objects unloaded after import = 31

========================================================================
Received Import Request.
  Time since last request: 9.074980 seconds.
  path: Assets/_3DStealthGame/Prefabs/Characters/Gargoyle.prefab
  artifactKey: Guid(e12c6181180af264281113af293cb5f7) Importer(815301076,1909f56bfc062723c751e8b465ee728b)
Start importing Assets/_3DStealthGame/Prefabs/Characters/Gargoyle.prefab using Guid(e12c6181180af264281113af293cb5f7) Importer(815301076,1909f56bfc062723c751e8b465ee728b) (PreviewImporter) -> (artifact id: 'bd52c89058039440f5058896c12b5787') in 0.2635109 seconds
Number of updated asset objects reloaded before import = 0Number of asset objects unloaded after import = 32

========================================================================
Received Import Request.
  Time since last request: 0.251606 seconds.
  path: Assets/_3DStealthGame/Prefabs/Characters/Gargoyle.prefab
  artifactKey: Guid(e12c6181180af264281113af293cb5f7) Importer(2089858483,192608db42251d675da83286b1cce702)
Start importing Assets/_3DStealthGame/Prefabs/Characters/Gargoyle.prefab using Guid(e12c6181180af264281113af293cb5f7) Importer(2089858483,192608db42251d675da83286b1cce702) (ScriptedImporter) -> (artifact id: '5fac4044ece503b7d9a9d9f08a1cabaf') in 0.0780809 seconds
Number of updated asset objects reloaded before import = 0Number of asset objects unloaded after import = 12

========================================================================
Received Import Request.
  Time since last request: 17.736089 seconds.
  path: Assets/_3DStealthGame/Prefabs/Characters/Gargoyle.prefab
  artifactKey: Guid(e12c6181180af264281113af293cb5f7) Importer(815301076,1909f56bfc062723c751e8b465ee728b)
Start importing Assets/_3DStealthGame/Prefabs/Characters/Gargoyle.prefab using Guid(e12c6181180af264281113af293cb5f7) Importer(815301076,1909f56bfc062723c751e8b465ee728b) (PreviewImporter) -> (artifact id: '4cc144ffd5840c73ff875607507f6b0b') in 0.1041426 seconds
Number of updated asset objects reloaded before import = 0Number of asset objects unloaded after import = 32

========================================================================
Received Import Request.
  Time since last request: 0.703762 seconds.
  path: Assets/_3DStealthGame/Prefabs/Characters/Gargoyle.prefab
  artifactKey: Guid(e12c6181180af264281113af293cb5f7) Importer(2089858483,192608db42251d675da83286b1cce702)
Start importing Assets/_3DStealthGame/Prefabs/Characters/Gargoyle.prefab using Guid(e12c6181180af264281113af293cb5f7) Importer(2089858483,192608db42251d675da83286b1cce702) (ScriptedImporter) -> (artifact id: '418cfc6c43ee665c0bfd6fd2fc849185') in 0.1850247 seconds
Number of updated asset objects reloaded before import = 0Number of asset objects unloaded after import = 12

========================================================================
Received Import Request.
  Time since last request: 9.054762 seconds.
  path: Assets/_3DStealthGame/Prefabs/Characters/Gargoyle.prefab
  artifactKey: Guid(e12c6181180af264281113af293cb5f7) Importer(815301076,1909f56bfc062723c751e8b465ee728b)
Start importing Assets/_3DStealthGame/Prefabs/Characters/Gargoyle.prefab using Guid(e12c6181180af264281113af293cb5f7) Importer(815301076,1909f56bfc062723c751e8b465ee728b) (PreviewImporter) -> (artifact id: '44d1ae0b964d0ff94e3e284f8d8edd0d') in 0.1675017 seconds
Number of updated asset objects reloaded before import = 0Number of asset objects unloaded after import = 32

========================================================================
Received Import Request.
  Time since last request: 0.576657 seconds.
  path: Assets/_3DStealthGame/Prefabs/Characters/Gargoyle.prefab
  artifactKey: Guid(e12c6181180af264281113af293cb5f7) Importer(2089858483,192608db42251d675da83286b1cce702)
Start importing Assets/_3DStealthGame/Prefabs/Characters/Gargoyle.prefab using Guid(e12c6181180af264281113af293cb5f7) Importer(2089858483,192608db42251d675da83286b1cce702) (ScriptedImporter) -> (artifact id: '31efc224503aea45a77f6f480f4397b8') in 0.0328675 seconds
Number of updated asset objects reloaded before import = 0Number of asset objects unloaded after import = 12

========================================================================
Received Import Request.
  Time since last request: 3.220529 seconds.
  path: Assets/_3DStealthGame/Prefabs/Characters/Gargoyle.prefab
  artifactKey: Guid(e12c6181180af264281113af293cb5f7) Importer(815301076,1909f56bfc062723c751e8b465ee728b)
Start importing Assets/_3DStealthGame/Prefabs/Characters/Gargoyle.prefab using Guid(e12c6181180af264281113af293cb5f7) Importer(815301076,1909f56bfc062723c751e8b465ee728b) (PreviewImporter) -> (artifact id: 'f3003ac583e9651b4ead83e9b0bfc9b5') in 0.0709906 seconds
Number of updated asset objects reloaded before import = 0Number of asset objects unloaded after import = 32

========================================================================
Received Import Request.
  Time since last request: 0.579149 seconds.
  path: Assets/_3DStealthGame/Prefabs/Characters/Gargoyle.prefab
  artifactKey: Guid(e12c6181180af264281113af293cb5f7) Importer(2089858483,192608db42251d675da83286b1cce702)
Start importing Assets/_3DStealthGame/Prefabs/Characters/Gargoyle.prefab using Guid(e12c6181180af264281113af293cb5f7) Importer(2089858483,192608db42251d675da83286b1cce702) (ScriptedImporter) -> (artifact id: 'a2f6483c868a01959fedbf25218ac2d1') in 0.036104 seconds
Number of updated asset objects reloaded before import = 0Number of asset objects unloaded after import = 12

========================================================================
Received Prepare
Assembly reference Packages/com.unity.cinemachine/Editor/Samples/ExposeHDRPInternals/HDRP-Editor-ref.asmref has no target assembly definition
Assembly reference Packages/com.unity.cinemachine/Editor/Samples/ExposeHDRPInternals/HDRP-Editor-ref.asmref has no target assembly definition
Begin MonoManager ReloadAssembly
Duplicate assembly 'System.Runtime.CompilerServices.Unsafe.dll' with different versions detected, using 'Packages/com.unity.collections/Unity.Collections.Tests/System.Runtime.CompilerServices.Unsafe/System.Runtime.CompilerServices.Unsafe.dll, AssemblyName=System.Runtime.CompilerServices.Unsafe, Version=6.0.0.0, Culture=neutral, PublicKeyToken=b03f5f7f11d50a3a' and ignoring 'Packages/com.unity.ai.assistant/Plugins/Markdig/Dependencies/System.Runtime.CompilerServices.Unsafe.dll, AssemblyName=System.Runtime.CompilerServices.Unsafe, Version=4.0.6.0, Culture=neutral, PublicKeyToken=b03f5f7f11d50a3a'.Symbol file LoadedFromMemory is not a mono symbol file
Symbol file LoadedFromMemory is not a mono symbol file
- Loaded All Assemblies, in  2.281 seconds
Assembly reference Packages/com.unity.cinemachine/Editor/Samples/ExposeHDRPInternals/HDRP-Editor-ref.asmref has no target assembly definition
'Packages/com.unity.cinemachine/Editor/Obsolete/CinemachineVirtualCameraBaseEditor.cs' contains partial class of Unity.Object, exactly 1 of the partial classes needs to be in a file with the same filename. This is to know the one that can be referenced from ie. GameObjects
'Packages/com.unity.cinemachine/Editor/Editors/CinemachineVirtualCameraBaseEditor.cs' contains partial class of Unity.Object, exactly 1 of the partial classes needs to be in a file with the same filename. This is to know the one that can be referenced from ie. GameObjects
Refreshing native plugins compatible for Editor in 7.42 ms, found 7 plugins.
Native extension for UWP target not found
Native extension for WindowsStandalone target not found
Native extension for WebGL target not found
Assembly reference Packages/com.unity.cinemachine/Editor/Samples/ExposeHDRPInternals/HDRP-Editor-ref.asmref has no target assembly definition
[Package Manager] Failed to launch server process. Reason: Unity was launched with the -noUpm command-line argument
[Package Manager] Unable to send message (not connected to server process).
[Package Manager] Cannot connect to Unity Package Manager local server
Mono: successfully reloaded assembly
- Finished resetting the current domain, in  3.114 seconds
Domain Reload Profiling: 5397ms
	BeginReloadAssembly (581ms)
		ExecutionOrderSort (0ms)
		DisableScriptedObjects (80ms)
		BackupInstance (0ms)
		ReleaseScriptingObjects (0ms)
		CreateAndSetChildDomain (165ms)
	RebuildCommonClasses (85ms)
	RebuildNativeTypeToScriptingClass (29ms)
	initialDomainReloadingComplete (68ms)
	LoadAllAssembliesAndSetupDomain (1519ms)
		LoadAssemblies (1017ms)
		RebuildTransferFunctionScriptingTraits (0ms)
		AnalyzeDomain (734ms)
			TypeCache.Refresh (13ms)
				TypeCache.ScanAssembly (0ms)
			BuildScriptInfoCaches (679ms)
			ResolveRequiredComponents (30ms)
	FinalizeReload (3115ms)
		ReleaseScriptCaches (0ms)
		RebuildScriptCaches (0ms)
		SetupLoadedEditorAssemblies (2676ms)
			LogAssemblyErrors (0ms)
			InitializePlatformSupportModulesInManaged (6ms)
			SetLoadedEditorAssemblies (10ms)
			BeforeProcessingInitializeOnLoad (653ms)
			ProcessInitializeOnLoadAttributes (1524ms)
			ProcessInitializeOnLoadMethodAttributes (474ms)
			AfterProcessingInitializeOnLoad (9ms)
			EditorAssembliesLoaded (1ms)
		ExecutionOrderSort2 (0ms)
		AwakeInstancesAfterBackupRestoration (55ms)
Refreshing native plugins compatible for Editor in 10.75 ms, found 7 plugins.
Preloading 0 native plugins for Editor in 0.00 ms.
Unloading 67 Unused Serialized files (Serialized files now loaded: 0)
Unloading 8114 unused Assets / (20.7 MB). Loaded Objects now: 8893.
Memory consumption went from 184.3 MB to 163.6 MB.
Total: 30.984700 ms (FindLiveObjects: 1.524000 ms CreateObjectMapping: 1.880000 ms MarkObjects: 12.282400 ms  DeleteObjects: 15.296200 ms)

Prepare: number of updated asset objects reloaded= 0
========================================================================
Received Import Request.
  Time since last request: 610.758445 seconds.
  path: Assets/_3DStealthGame/Prefabs/Characters/Gargoyle.prefab
  artifactKey: Guid(e12c6181180af264281113af293cb5f7) Importer(2089858483,192608db42251d675da83286b1cce702)
Start importing Assets/_3DStealthGame/Prefabs/Characters/Gargoyle.prefab using Guid(e12c6181180af264281113af293cb5f7) Importer(2089858483,192608db42251d675da83286b1cce702) (ScriptedImporter) -> (artifact id: '8be967eb06c5986e3a9eaca30250dd20') in 0.7481443 seconds
Number of updated asset objects reloaded before import = 0Number of asset objects unloaded after import = 14

========================================================================
Received Import Request.
  Time since last request: 1.722898 seconds.
  path: Assets/_3DStealthGame/Prefabs/Characters/Gargoyle.prefab
  artifactKey: Guid(e12c6181180af264281113af293cb5f7) Importer(2089858483,192608db42251d675da83286b1cce702)
Start importing Assets/_3DStealthGame/Prefabs/Characters/Gargoyle.prefab using Guid(e12c6181180af264281113af293cb5f7) Importer(2089858483,192608db42251d675da83286b1cce702) (ScriptedImporter) -> (artifact id: '4d6fbe405c364f07c4c32aea9c28708c') in 0.1679118 seconds
Number of updated asset objects reloaded before import = 0Number of asset objects unloaded after import = 14

========================================================================
Received Import Request.
  Time since last request: 58.695104 seconds.
  path: Assets/_3DStealthGame/Prefabs/Characters/Gargoyle.prefab
  artifactKey: Guid(e12c6181180af264281113af293cb5f7) Importer(2089858483,192608db42251d675da83286b1cce702)
Start importing Assets/_3DStealthGame/Prefabs/Characters/Gargoyle.prefab using Guid(e12c6181180af264281113af293cb5f7) Importer(2089858483,192608db42251d675da83286b1cce702) (ScriptedImporter) -> (artifact id: 'a9894822a00bccabe5516582578ce403') in 0.0414657 seconds
Number of updated asset objects reloaded before import = 0Number of asset objects unloaded after import = 14

========================================================================
Received Import Request.
  Time since last request: 3.571166 seconds.
  path: Assets/_3DStealthGame/Prefabs/Characters/Gargoyle.prefab
  artifactKey: Guid(e12c6181180af264281113af293cb5f7) Importer(2089858483,192608db42251d675da83286b1cce702)
Start importing Assets/_3DStealthGame/Prefabs/Characters/Gargoyle.prefab using Guid(e12c6181180af264281113af293cb5f7) Importer(2089858483,192608db42251d675da83286b1cce702) (ScriptedImporter) -> (artifact id: '096a1d24e494137a8eae694bf0b85652') in 0.0959687 seconds
Number of updated asset objects reloaded before import = 0Number of asset objects unloaded after import = 14

========================================================================
Received Import Request.
  Time since last request: 14.679809 seconds.
  path: Assets/_3DStealthGame/Prefabs/Characters/Gargoyle.prefab
  artifactKey: Guid(e12c6181180af264281113af293cb5f7) Importer(2089858483,192608db42251d675da83286b1cce702)
Start importing Assets/_3DStealthGame/Prefabs/Characters/Gargoyle.prefab using Guid(e12c6181180af264281113af293cb5f7) Importer(2089858483,192608db42251d675da83286b1cce702) (ScriptedImporter) -> (artifact id: '5353d696fc77c80aee9ec702464d5e9b') in 0.0482797 seconds
Number of updated asset objects reloaded before import = 0Number of asset objects unloaded after import = 14

========================================================================
Received Import Request.
  Time since last request: 8.765369 seconds.
  path: Assets/_3DStealthGame/Prefabs/Characters/Gargoyle.prefab
  artifactKey: Guid(e12c6181180af264281113af293cb5f7) Importer(2089858483,192608db42251d675da83286b1cce702)
Start importing Assets/_3DStealthGame/Prefabs/Characters/Gargoyle.prefab using Guid(e12c6181180af264281113af293cb5f7) Importer(2089858483,192608db42251d675da83286b1cce702) (ScriptedImporter) -> (artifact id: 'e3fc54ca47bfc92085b87f3508c21c30') in 0.0621294 seconds
Number of updated asset objects reloaded before import = 0Number of asset objects unloaded after import = 14

========================================================================
Received Import Request.
  Time since last request: 8.815992 seconds.
  path: Assets/_3DStealthGame/Prefabs/Characters/Gargoyle.prefab
  artifactKey: Guid(e12c6181180af264281113af293cb5f7) Importer(2089858483,192608db42251d675da83286b1cce702)
Start importing Assets/_3DStealthGame/Prefabs/Characters/Gargoyle.prefab using Guid(e12c6181180af264281113af293cb5f7) Importer(2089858483,192608db42251d675da83286b1cce702) (ScriptedImporter) -> (artifact id: 'e4fa7b02d56df37e812915ff7e1b08a7') in 0.0396498 seconds
Number of updated asset objects reloaded before import = 0Number of asset objects unloaded after import = 15

========================================================================
Received Import Request.
  Time since last request: 10.078686 seconds.
  path: Assets/_3DStealthGame/Prefabs/Characters/Gargoyle.prefab
  artifactKey: Guid(e12c6181180af264281113af293cb5f7) Importer(2089858483,192608db42251d675da83286b1cce702)
Start importing Assets/_3DStealthGame/Prefabs/Characters/Gargoyle.prefab using Guid(e12c6181180af264281113af293cb5f7) Importer(2089858483,192608db42251d675da83286b1cce702) (ScriptedImporter) -> (artifact id: '9c5a240cbc871cd31e890a8671e8345a') in 0.0417409 seconds
Number of updated asset objects reloaded before import = 0Number of asset objects unloaded after import = 15

========================================================================
Received Import Request.
  Time since last request: 7.748311 seconds.
  path: Assets/_3DStealthGame/Prefabs/Characters/Gargoyle.prefab
  artifactKey: Guid(e12c6181180af264281113af293cb5f7) Importer(2089858483,192608db42251d675da83286b1cce702)
Start importing Assets/_3DStealthGame/Prefabs/Characters/Gargoyle.prefab using Guid(e12c6181180af264281113af293cb5f7) Importer(2089858483,192608db42251d675da83286b1cce702) (ScriptedImporter) -> (artifact id: 'cace72b21cdc74cdaddd0fbafc4518dd') in 0.2087262 seconds
Number of updated asset objects reloaded before import = 0Number of asset objects unloaded after import = 15

========================================================================
Received Import Request.
  Time since last request: 5.352827 seconds.
  path: Assets/_3DStealthGame/Prefabs/Characters/Gargoyle.prefab
  artifactKey: Guid(e12c6181180af264281113af293cb5f7) Importer(2089858483,192608db42251d675da83286b1cce702)
Start importing Assets/_3DStealthGame/Prefabs/Characters/Gargoyle.prefab using Guid(e12c6181180af264281113af293cb5f7) Importer(2089858483,192608db42251d675da83286b1cce702) (ScriptedImporter) -> (artifact id: '1fc6244b8b0ad2e959369cae5165ff9f') in 0.0379761 seconds
Number of updated asset objects reloaded before import = 0Number of asset objects unloaded after import = 15

========================================================================
Received Import Request.
  Time since last request: 4.870989 seconds.
  path: Assets/_3DStealthGame/Prefabs/Characters/Gargoyle.prefab
  artifactKey: Guid(e12c6181180af264281113af293cb5f7) Importer(2089858483,192608db42251d675da83286b1cce702)
Start importing Assets/_3DStealthGame/Prefabs/Characters/Gargoyle.prefab using Guid(e12c6181180af264281113af293cb5f7) Importer(2089858483,192608db42251d675da83286b1cce702) (ScriptedImporter) -> (artifact id: '4e8ed11d2767aeac3417cbe58a8c2437') in 0.0521159 seconds
Number of updated asset objects reloaded before import = 0Number of asset objects unloaded after import = 15

========================================================================
Received Import Request.
  Time since last request: 2.215918 seconds.
  path: Assets/_3DStealthGame/Prefabs/Characters/Gargoyle.prefab
  artifactKey: Guid(e12c6181180af264281113af293cb5f7) Importer(2089858483,192608db42251d675da83286b1cce702)
Start importing Assets/_3DStealthGame/Prefabs/Characters/Gargoyle.prefab using Guid(e12c6181180af264281113af293cb5f7) Importer(2089858483,192608db42251d675da83286b1cce702) (ScriptedImporter) -> (artifact id: 'cb2a3d7a2bbab1a912b349e19c19af0c') in 0.0402384 seconds
Number of updated asset objects reloaded before import = 0Number of asset objects unloaded after import = 15

========================================================================
Received Prepare
'Packages/com.unity.cinemachine/Editor/Obsolete/CinemachineVirtualCameraBaseEditor.cs' contains partial class of Unity.Object, exactly 1 of the partial classes needs to be in a file with the same filename. This is to know the one that can be referenced from ie. GameObjects
'Packages/com.unity.cinemachine/Editor/Editors/CinemachineVirtualCameraBaseEditor.cs' contains partial class of Unity.Object, exactly 1 of the partial classes needs to be in a file with the same filename. This is to know the one that can be referenced from ie. GameObjects
Refreshing native plugins compatible for Editor in 49.47 ms, found 7 plugins.
Preloading 0 native plugins for Editor in 0.00 ms.
Unloading 67 Unused Serialized files (Serialized files now loaded: 0)
Unloading 8095 unused Assets / (19.1 MB). Loaded Objects now: 8894.
Memory consumption went from 184.3 MB to 165.3 MB.
Total: 126.547000 ms (FindLiveObjects: 3.329000 ms CreateObjectMapping: 4.909700 ms MarkObjects: 74.974200 ms  DeleteObjects: 43.329300 ms)

Prepare: number of updated asset objects reloaded= 0
========================================================================
Received Import Request.
  Time since last request: 223.113650 seconds.
  path: Assets/_3DStealthGame/Scripts/Observer.cs
  artifactKey: Guid(4495d5c7808006949918263b45207228) Importer(815301076,1909f56bfc062723c751e8b465ee728b)
Start importing Assets/_3DStealthGame/Scripts/Observer.cs using Guid(4495d5c7808006949918263b45207228) Importer(815301076,1909f56bfc062723c751e8b465ee728b) (PreviewImporter) -> (artifact id: 'cfa903483abe44a26a4f0bcec3be45fc') in 0.0142926 seconds
Number of updated asset objects reloaded before import = 0Number of asset objects unloaded after import = 0

========================================================================
Received Import Request.
  Time since last request: 0.000538 seconds.
  path: Assets/_3DStealthGame/Scripts/Observer.cs
  artifactKey: Guid(4495d5c7808006949918263b45207228) Importer(2089858483,192608db42251d675da83286b1cce702)
Start importing Assets/_3DStealthGame/Scripts/Observer.cs using Guid(4495d5c7808006949918263b45207228) Importer(2089858483,192608db42251d675da83286b1cce702) (ScriptedImporter) -> (artifact id: '8b858a064170fb3f31245eb6084f7e61') in 0.0718129 seconds
Number of updated asset objects reloaded before import = 0Number of asset objects unloaded after import = 0

========================================================================
Received Import Request.
  Time since last request: 1.376163 seconds.
  path: Assets/_3DStealthGame/Prefabs/Characters/Gargoyle.prefab
  artifactKey: Guid(e12c6181180af264281113af293cb5f7) Importer(815301076,1909f56bfc062723c751e8b465ee728b)
Start importing Assets/_3DStealthGame/Prefabs/Characters/Gargoyle.prefab using Guid(e12c6181180af264281113af293cb5f7) Importer(815301076,1909f56bfc062723c751e8b465ee728b) (PreviewImporter) -> (artifact id: '4aa9e4ea9283a5c4b0ee72a9049c7e34') in 2.9898074 seconds
Number of updated asset objects reloaded before import = 0Number of asset objects unloaded after import = 35

========================================================================
Received Prepare
Assembly reference Packages/com.unity.cinemachine/Editor/Samples/ExposeHDRPInternals/HDRP-Editor-ref.asmref has no target assembly definition
Assembly reference Packages/com.unity.cinemachine/Editor/Samples/ExposeHDRPInternals/HDRP-Editor-ref.asmref has no target assembly definition
Begin MonoManager ReloadAssembly
Duplicate assembly 'System.Runtime.CompilerServices.Unsafe.dll' with different versions detected, using 'Packages/com.unity.collections/Unity.Collections.Tests/System.Runtime.CompilerServices.Unsafe/System.Runtime.CompilerServices.Unsafe.dll, AssemblyName=System.Runtime.CompilerServices.Unsafe, Version=6.0.0.0, Culture=neutral, PublicKeyToken=b03f5f7f11d50a3a' and ignoring 'Packages/com.unity.ai.assistant/Plugins/Markdig/Dependencies/System.Runtime.CompilerServices.Unsafe.dll, AssemblyName=System.Runtime.CompilerServices.Unsafe, Version=4.0.6.0, Culture=neutral, PublicKeyToken=b03f5f7f11d50a3a'.Symbol file LoadedFromMemory is not a mono symbol file
Symbol file LoadedFromMemory is not a mono symbol file
- Loaded All Assemblies, in  4.958 seconds
Assembly reference Packages/com.unity.cinemachine/Editor/Samples/ExposeHDRPInternals/HDRP-Editor-ref.asmref has no target assembly definition
'Packages/com.unity.cinemachine/Editor/Obsolete/CinemachineVirtualCameraBaseEditor.cs' contains partial class of Unity.Object, exactly 1 of the partial classes needs to be in a file with the same filename. This is to know the one that can be referenced from ie. GameObjects
'Packages/com.unity.cinemachine/Editor/Editors/CinemachineVirtualCameraBaseEditor.cs' contains partial class of Unity.Object, exactly 1 of the partial classes needs to be in a file with the same filename. This is to know the one that can be referenced from ie. GameObjects
Refreshing native plugins compatible for Editor in 16.75 ms, found 7 plugins.
Native extension for UWP target not found
Native extension for WindowsStandalone target not found
Native extension for WebGL target not found
Assembly reference Packages/com.unity.cinemachine/Editor/Samples/ExposeHDRPInternals/HDRP-Editor-ref.asmref has no target assembly definition
[Package Manager] Failed to launch server process. Reason: Unity was launched with the -noUpm command-line argument
[Package Manager] Unable to send message (not connected to server process).
[Package Manager] Cannot connect to Unity Package Manager local server
Mono: successfully reloaded assembly
- Finished resetting the current domain, in  4.463 seconds
Domain Reload Profiling: 9430ms
	BeginReloadAssembly (940ms)
		ExecutionOrderSort (0ms)
		DisableScriptedObjects (68ms)
		BackupInstance (0ms)
		ReleaseScriptingObjects (0ms)
		CreateAndSetChildDomain (305ms)
	RebuildCommonClasses (121ms)
	RebuildNativeTypeToScriptingClass (37ms)
	initialDomainReloadingComplete (117ms)
	LoadAllAssembliesAndSetupDomain (3750ms)
		LoadAssemblies (2540ms)
		RebuildTransferFunctionScriptingTraits (0ms)
		AnalyzeDomain (1626ms)
			TypeCache.Refresh (50ms)
				TypeCache.ScanAssembly (1ms)
			BuildScriptInfoCaches (1462ms)
			ResolveRequiredComponents (54ms)
	FinalizeReload (4464ms)
		ReleaseScriptCaches (0ms)
		RebuildScriptCaches (0ms)
		SetupLoadedEditorAssemblies (3727ms)
			LogAssemblyErrors (0ms)
			InitializePlatformSupportModulesInManaged (9ms)
			SetLoadedEditorAssemblies (10ms)
			BeforeProcessingInitializeOnLoad (656ms)
			ProcessInitializeOnLoadAttributes (2209ms)
			ProcessInitializeOnLoadMethodAttributes (824ms)
			AfterProcessingInitializeOnLoad (18ms)
			EditorAssembliesLoaded (1ms)
		ExecutionOrderSort2 (0ms)
		AwakeInstancesAfterBackupRestoration (79ms)
Refreshing native plugins compatible for Editor in 17.08 ms, found 7 plugins.
Preloading 0 native plugins for Editor in 0.00 ms.
Unloading 67 Unused Serialized files (Serialized files now loaded: 0)
Unloading 8115 unused Assets / (19.8 MB). Loaded Objects now: 8917.
Memory consumption went from 184.4 MB to 164.6 MB.
Total: 56.174600 ms (FindLiveObjects: 3.523900 ms CreateObjectMapping: 5.065500 ms MarkObjects: 23.136500 ms  DeleteObjects: 24.445600 ms)

Prepare: number of updated asset objects reloaded= 0
========================================================================
Received Import Request.
  Time since last request: 91.194766 seconds.
  path: Assets/_3DStealthGame/Prefabs/Characters/Gargoyle.prefab
  artifactKey: Guid(e12c6181180af264281113af293cb5f7) Importer(2089858483,192608db42251d675da83286b1cce702)
Start importing Assets/_3DStealthGame/Prefabs/Characters/Gargoyle.prefab using Guid(e12c6181180af264281113af293cb5f7) Importer(2089858483,192608db42251d675da83286b1cce702) (ScriptedImporter) -> (artifact id: 'b0ed57b217a3d908f81f17ad3d79251c') in 21.8835047 seconds
Number of updated asset objects reloaded before import = 0Number of asset objects unloaded after import = 17

========================================================================
Received Import Request.
  Time since last request: 0.000115 seconds.
  path: Assets/_3DStealthGame/Scripts/Observer.cs
  artifactKey: Guid(4495d5c7808006949918263b45207228) Importer(815301076,1909f56bfc062723c751e8b465ee728b)
Start importing Assets/_3DStealthGame/Scripts/Observer.cs using Guid(4495d5c7808006949918263b45207228) Importer(815301076,1909f56bfc062723c751e8b465ee728b) (PreviewImporter) -> (artifact id: 'c29d2efdb3bf96b7a3b9dd4bba2f9eba') in 0.0148148 seconds
Number of updated asset objects reloaded before import = 0Number of asset objects unloaded after import = 0

========================================================================
Received Prepare
Assembly reference Packages/com.unity.cinemachine/Editor/Samples/ExposeHDRPInternals/HDRP-Editor-ref.asmref has no target assembly definition
Assembly reference Packages/com.unity.cinemachine/Editor/Samples/ExposeHDRPInternals/HDRP-Editor-ref.asmref has no target assembly definition
Begin MonoManager ReloadAssembly
Duplicate assembly 'System.Runtime.CompilerServices.Unsafe.dll' with different versions detected, using 'Packages/com.unity.collections/Unity.Collections.Tests/System.Runtime.CompilerServices.Unsafe/System.Runtime.CompilerServices.Unsafe.dll, AssemblyName=System.Runtime.CompilerServices.Unsafe, Version=6.0.0.0, Culture=neutral, PublicKeyToken=b03f5f7f11d50a3a' and ignoring 'Packages/com.unity.ai.assistant/Plugins/Markdig/Dependencies/System.Runtime.CompilerServices.Unsafe.dll, AssemblyName=System.Runtime.CompilerServices.Unsafe, Version=4.0.6.0, Culture=neutral, PublicKeyToken=b03f5f7f11d50a3a'.Symbol file LoadedFromMemory is not a mono symbol file
Symbol file LoadedFromMemory is not a mono symbol file
- Loaded All Assemblies, in  6.268 seconds
Assembly reference Packages/com.unity.cinemachine/Editor/Samples/ExposeHDRPInternals/HDRP-Editor-ref.asmref has no target assembly definition
'Packages/com.unity.cinemachine/Editor/Obsolete/CinemachineVirtualCameraBaseEditor.cs' contains partial class of Unity.Object, exactly 1 of the partial classes needs to be in a file with the same filename. This is to know the one that can be referenced from ie. GameObjects
'Packages/com.unity.cinemachine/Editor/Editors/CinemachineVirtualCameraBaseEditor.cs' contains partial class of Unity.Object, exactly 1 of the partial classes needs to be in a file with the same filename. This is to know the one that can be referenced from ie. GameObjects
Refreshing native plugins compatible for Editor in 12.82 ms, found 7 plugins.
Native extension for UWP target not found
Native extension for WindowsStandalone target not found
Native extension for WebGL target not found
Assembly reference Packages/com.unity.cinemachine/Editor/Samples/ExposeHDRPInternals/HDRP-Editor-ref.asmref has no target assembly definition
[Package Manager] Failed to launch server process. Reason: Unity was launched with the -noUpm command-line argument
[Package Manager] Unable to send message (not connected to server process).
[Package Manager] Cannot connect to Unity Package Manager local server
Mono: successfully reloaded assembly
- Finished resetting the current domain, in  3.766 seconds
Domain Reload Profiling: 10083ms
	BeginReloadAssembly (2425ms)
		ExecutionOrderSort (0ms)
		DisableScriptedObjects (34ms)
		BackupInstance (0ms)
		ReleaseScriptingObjects (2ms)
		CreateAndSetChildDomain (593ms)
	RebuildCommonClasses (249ms)
	RebuildNativeTypeToScriptingClass (63ms)
	initialDomainReloadingComplete (142ms)
	LoadAllAssembliesAndSetupDomain (3435ms)
		LoadAssemblies (3462ms)
		RebuildTransferFunctionScriptingTraits (0ms)
		AnalyzeDomain (1182ms)
			TypeCache.Refresh (40ms)
				TypeCache.ScanAssembly (1ms)
			BuildScriptInfoCaches (1093ms)
			ResolveRequiredComponents (32ms)
	FinalizeReload (3768ms)
		ReleaseScriptCaches (0ms)
		RebuildScriptCaches (0ms)
		SetupLoadedEditorAssemblies (3188ms)
			LogAssemblyErrors (0ms)
			InitializePlatformSupportModulesInManaged (12ms)
			SetLoadedEditorAssemblies (10ms)
			BeforeProcessingInitializeOnLoad (596ms)
			ProcessInitializeOnLoadAttributes (1913ms)
			ProcessInitializeOnLoadMethodAttributes (645ms)
			AfterProcessingInitializeOnLoad (10ms)
			EditorAssembliesLoaded (1ms)
		ExecutionOrderSort2 (0ms)
		AwakeInstancesAfterBackupRestoration (54ms)
Refreshing native plugins compatible for Editor in 32.69 ms, found 7 plugins.
Preloading 0 native plugins for Editor in 0.00 ms.
Unloading 67 Unused Serialized files (Serialized files now loaded: 0)
Unloading 8114 unused Assets / (17.6 MB). Loaded Objects now: 8919.
Memory consumption went from 184.2 MB to 166.6 MB.
Total: 80.364800 ms (FindLiveObjects: 4.195600 ms CreateObjectMapping: 6.195700 ms MarkObjects: 38.098500 ms  DeleteObjects: 31.868900 ms)

Prepare: number of updated asset objects reloaded= 0
========================================================================
Received Import Request.
  Time since last request: 204.217481 seconds.
  path: Assets/_3DStealthGame/Scripts/Observer.cs
  artifactKey: Guid(4495d5c7808006949918263b45207228) Importer(815301076,1909f56bfc062723c751e8b465ee728b)
Start importing Assets/_3DStealthGame/Scripts/Observer.cs using Guid(4495d5c7808006949918263b45207228) Importer(815301076,1909f56bfc062723c751e8b465ee728b) (PreviewImporter) -> (artifact id: '1c3ba56030ba8abc7a4fd9fe18d5d54e') in 0.0057327 seconds
Number of updated asset objects reloaded before import = 0Number of asset objects unloaded after import = 0

========================================================================
Received Import Request.
  Time since last request: 0.000103 seconds.
  path: Assets/_3DStealthGame/Scripts/Observer.cs
  artifactKey: Guid(4495d5c7808006949918263b45207228) Importer(2089858483,192608db42251d675da83286b1cce702)
Start importing Assets/_3DStealthGame/Scripts/Observer.cs using Guid(4495d5c7808006949918263b45207228) Importer(2089858483,192608db42251d675da83286b1cce702) (ScriptedImporter) -> (artifact id: '8a28bdfb8addaf9275f0180576af7e28') in 0.7725231 seconds
Number of updated asset objects reloaded before import = 0Number of asset objects unloaded after import = 0

========================================================================
Received Import Request.
  Time since last request: 0.000105 seconds.
  path: Assets/_3DStealthGame/Prefabs/Characters/Gargoyle.prefab
  artifactKey: Guid(e12c6181180af264281113af293cb5f7) Importer(815301076,1909f56bfc062723c751e8b465ee728b)
Start importing Assets/_3DStealthGame/Prefabs/Characters/Gargoyle.prefab using Guid(e12c6181180af264281113af293cb5f7) Importer(815301076,1909f56bfc062723c751e8b465ee728b) (PreviewImporter) -> (artifact id: '643e762917b256c24d3df1a9175da6c9') in 1.9513762 seconds
Number of updated asset objects reloaded before import = 0Number of asset objects unloaded after import = 37

========================================================================
Received Import Request.
  Time since last request: 34.574017 seconds.
  path: Assets/_3DStealthGame/Prefabs/Characters/Gargoyle.prefab
  artifactKey: Guid(e12c6181180af264281113af293cb5f7) Importer(2089858483,192608db42251d675da83286b1cce702)
Start importing Assets/_3DStealthGame/Prefabs/Characters/Gargoyle.prefab using Guid(e12c6181180af264281113af293cb5f7) Importer(2089858483,192608db42251d675da83286b1cce702) (ScriptedImporter) -> (artifact id: '5868bc858a06ef56f818202da63a4727') in 0.091235 seconds
Number of updated asset objects reloaded before import = 0Number of asset objects unloaded after import = 16

========================================================================
Received Import Request.
  Time since last request: 108.192343 seconds.
  path: Assets/_3DStealthGame/Scenes/Main.unity
  artifactKey: Guid(2fd2aeda3a6c2b64ca0187777af1b8c6) Importer(2089858483,192608db42251d675da83286b1cce702)
Start importing Assets/_3DStealthGame/Scenes/Main.unity using Guid(2fd2aeda3a6c2b64ca0187777af1b8c6) Importer(2089858483,192608db42251d675da83286b1cce702) (ScriptedImporter) -> (artifact id: 'a259762e99c830bbd9e50da3a27cda00') in 0.0712567 seconds
Number of updated asset objects reloaded before import = 0Number of asset objects unloaded after import = 1

========================================================================
Received Prepare
Assembly reference Packages/com.unity.cinemachine/Editor/Samples/ExposeHDRPInternals/HDRP-Editor-ref.asmref has no target assembly definition
Assembly reference Packages/com.unity.cinemachine/Editor/Samples/ExposeHDRPInternals/HDRP-Editor-ref.asmref has no target assembly definition
Begin MonoManager ReloadAssembly
Duplicate assembly 'System.Runtime.CompilerServices.Unsafe.dll' with different versions detected, using 'Packages/com.unity.collections/Unity.Collections.Tests/System.Runtime.CompilerServices.Unsafe/System.Runtime.CompilerServices.Unsafe.dll, AssemblyName=System.Runtime.CompilerServices.Unsafe, Version=6.0.0.0, Culture=neutral, PublicKeyToken=b03f5f7f11d50a3a' and ignoring 'Packages/com.unity.ai.assistant/Plugins/Markdig/Dependencies/System.Runtime.CompilerServices.Unsafe.dll, AssemblyName=System.Runtime.CompilerServices.Unsafe, Version=4.0.6.0, Culture=neutral, PublicKeyToken=b03f5f7f11d50a3a'.Symbol file LoadedFromMemory is not a mono symbol file
Symbol file LoadedFromMemory is not a mono symbol file
- Loaded All Assemblies, in  4.391 seconds
Assembly reference Packages/com.unity.cinemachine/Editor/Samples/ExposeHDRPInternals/HDRP-Editor-ref.asmref has no target assembly definition
'Packages/com.unity.cinemachine/Editor/Obsolete/CinemachineVirtualCameraBaseEditor.cs' contains partial class of Unity.Object, exactly 1 of the partial classes needs to be in a file with the same filename. This is to know the one that can be referenced from ie. GameObjects
'Packages/com.unity.cinemachine/Editor/Editors/CinemachineVirtualCameraBaseEditor.cs' contains partial class of Unity.Object, exactly 1 of the partial classes needs to be in a file with the same filename. This is to know the one that can be referenced from ie. GameObjects
Refreshing native plugins compatible for Editor in 11.90 ms, found 7 plugins.
Native extension for UWP target not found
Native extension for WindowsStandalone target not found
Native extension for WebGL target not found
Assembly reference Packages/com.unity.cinemachine/Editor/Samples/ExposeHDRPInternals/HDRP-Editor-ref.asmref has no target assembly definition
[Package Manager] Failed to launch server process. Reason: Unity was launched with the -noUpm command-line argument
[Package Manager] Unable to send message (not connected to server process).
[Package Manager] Cannot connect to Unity Package Manager local server
Mono: successfully reloaded assembly
- Finished resetting the current domain, in  4.174 seconds
Domain Reload Profiling: 8570ms
	BeginReloadAssembly (1220ms)
		ExecutionOrderSort (0ms)
		DisableScriptedObjects (86ms)
		BackupInstance (0ms)
		ReleaseScriptingObjects (1ms)
		CreateAndSetChildDomain (470ms)
	RebuildCommonClasses (129ms)
	RebuildNativeTypeToScriptingClass (46ms)
	initialDomainReloadingComplete (99ms)
	LoadAllAssembliesAndSetupDomain (2900ms)
		LoadAssemblies (1646ms)
		RebuildTransferFunctionScriptingTraits (0ms)
		AnalyzeDomain (1593ms)
			TypeCache.Refresh (46ms)
				TypeCache.ScanAssembly (0ms)
			BuildScriptInfoCaches (1489ms)
			ResolveRequiredComponents (39ms)
	FinalizeReload (4175ms)
		ReleaseScriptCaches (0ms)
		RebuildScriptCaches (0ms)
		SetupLoadedEditorAssemblies (3482ms)
			LogAssemblyErrors (0ms)
			InitializePlatformSupportModulesInManaged (40ms)
			SetLoadedEditorAssemblies (34ms)
			BeforeProcessingInitializeOnLoad (917ms)
			ProcessInitializeOnLoadAttributes (1868ms)
			ProcessInitializeOnLoadMethodAttributes (610ms)
			AfterProcessingInitializeOnLoad (11ms)
			EditorAssembliesLoaded (2ms)
		ExecutionOrderSort2 (0ms)
		AwakeInstancesAfterBackupRestoration (46ms)
Refreshing native plugins compatible for Editor in 8.07 ms, found 7 plugins.
Preloading 0 native plugins for Editor in 0.00 ms.
Unloading 67 Unused Serialized files (Serialized files now loaded: 0)
Unloading 8115 unused Assets / (20.8 MB). Loaded Objects now: 8942.
Memory consumption went from 184.5 MB to 163.7 MB.
Total: 74.038600 ms (FindLiveObjects: 3.081100 ms CreateObjectMapping: 4.199900 ms MarkObjects: 16.104600 ms  DeleteObjects: 50.647800 ms)

Prepare: number of updated asset objects reloaded= 0
========================================================================
Received Import Request.
  Time since last request: 87.888895 seconds.
  path: Assets/_3DStealthGame/Prefabs/Characters/Gargoyle.prefab
  artifactKey: Guid(e12c6181180af264281113af293cb5f7) Importer(815301076,1909f56bfc062723c751e8b465ee728b)
Start importing Assets/_3DStealthGame/Prefabs/Characters/Gargoyle.prefab using Guid(e12c6181180af264281113af293cb5f7) Importer(815301076,1909f56bfc062723c751e8b465ee728b) (PreviewImporter) -> (artifact id: '6eb3e07ab39f9f1bd0b6ce89100da755') in 2.0573371 seconds
Number of updated asset objects reloaded before import = 0Number of asset objects unloaded after import = 36

========================================================================
Received Import Request.
  Time since last request: 5.620483 seconds.
  path: Assets/_3DStealthGame/Prefabs/PointOfView.prefab
  artifactKey: Guid(ae30fb05b9ae05a4aa6a8029ec7f62a0) Importer(815301076,1909f56bfc062723c751e8b465ee728b)
Start importing Assets/_3DStealthGame/Prefabs/PointOfView.prefab using Guid(ae30fb05b9ae05a4aa6a8029ec7f62a0) Importer(815301076,1909f56bfc062723c751e8b465ee728b) (PreviewImporter) -> (artifact id: '393fc617d15f370c99845fc5256fc909') in 0.0080883 seconds
Number of updated asset objects reloaded before import = 0Number of asset objects unloaded after import = 6

========================================================================
Received Import Request.
  Time since last request: 0.740503 seconds.
  path: Assets/_3DStealthGame/Prefabs/PointOfView.prefab
  artifactKey: Guid(ae30fb05b9ae05a4aa6a8029ec7f62a0) Importer(2089858483,192608db42251d675da83286b1cce702)
Start importing Assets/_3DStealthGame/Prefabs/PointOfView.prefab using Guid(ae30fb05b9ae05a4aa6a8029ec7f62a0) Importer(2089858483,192608db42251d675da83286b1cce702) (ScriptedImporter) -> (artifact id: 'eaa81dc999a5d6be6d63b975def2021f') in 0.7139919 seconds
Number of updated asset objects reloaded before import = 0Number of asset objects unloaded after import = 6

========================================================================
Received Import Request.
  Time since last request: 0.000189 seconds.
  path: Assets/_3DStealthGame/Prefabs/Characters/Gargoyle.prefab
  artifactKey: Guid(e12c6181180af264281113af293cb5f7) Importer(2089858483,192608db42251d675da83286b1cce702)
Start importing Assets/_3DStealthGame/Prefabs/Characters/Gargoyle.prefab using Guid(e12c6181180af264281113af293cb5f7) Importer(2089858483,192608db42251d675da83286b1cce702) (ScriptedImporter) -> (artifact id: '28efd6bc7d3ac5a2bb5bfea71cf86b49') in 0.2905889 seconds
Number of updated asset objects reloaded before import = 0Number of asset objects unloaded after import = 16

========================================================================
Received Import Request.
  Time since last request: 590.206975 seconds.
  path: Assets/_3DStealthGame/Scenes/Main.unity
  artifactKey: Guid(2fd2aeda3a6c2b64ca0187777af1b8c6) Importer(2089858483,192608db42251d675da83286b1cce702)
Start importing Assets/_3DStealthGame/Scenes/Main.unity using Guid(2fd2aeda3a6c2b64ca0187777af1b8c6) Importer(2089858483,192608db42251d675da83286b1cce702) (ScriptedImporter) -> (artifact id: '298c079387ded1a8e355d3b82bee8c78') in 0.0470917 seconds
Number of updated asset objects reloaded before import = 0Number of asset objects unloaded after import = 1

========================================================================
Received Import Request.
  Time since last request: 13.761882 seconds.
  path: Assets/_3DStealthGame/Scenes/Main.unity
  artifactKey: Guid(2fd2aeda3a6c2b64ca0187777af1b8c6) Importer(2089858483,192608db42251d675da83286b1cce702)
Start importing Assets/_3DStealthGame/Scenes/Main.unity using Guid(2fd2aeda3a6c2b64ca0187777af1b8c6) Importer(2089858483,192608db42251d675da83286b1cce702) (ScriptedImporter) -> (artifact id: 'ddfb5cf77b8f650abdd6da73394ce369') in 0.0346865 seconds
Number of updated asset objects reloaded before import = 0Number of asset objects unloaded after import = 1

========================================================================
Received Import Request.
  Time since last request: 3642.360515 seconds.
  path: Assets/_3DStealthGame/Prefabs/Characters/Ghost.prefab
  artifactKey: Guid(be04c01cb8f5680408c93428c346fe16) Importer(815301076,1909f56bfc062723c751e8b465ee728b)
Start importing Assets/_3DStealthGame/Prefabs/Characters/Ghost.prefab using Guid(be04c01cb8f5680408c93428c346fe16) Importer(815301076,1909f56bfc062723c751e8b465ee728b) (PreviewImporter) -> (artifact id: '168957ff1c478ca438b9e136cadd5673') in 0.6811908 seconds
Number of updated asset objects reloaded before import = 0Number of asset objects unloaded after import = 108

========================================================================
Received Import Request.
  Time since last request: 0.000264 seconds.
  path: Assets/_3DStealthGame/Prefabs/Characters/Ghost.prefab
  artifactKey: Guid(be04c01cb8f5680408c93428c346fe16) Importer(2089858483,192608db42251d675da83286b1cce702)
Start importing Assets/_3DStealthGame/Prefabs/Characters/Ghost.prefab using Guid(be04c01cb8f5680408c93428c346fe16) Importer(2089858483,192608db42251d675da83286b1cce702) (ScriptedImporter) -> (artifact id: '0192e45bdba91ea659572ee29471c95c') in 0.1546591 seconds
Number of updated asset objects reloaded before import = 0Number of asset objects unloaded after import = 51

========================================================================
Received Import Request.
  Time since last request: 2.692070 seconds.
  path: Assets/_3DStealthGame/Scenes/Main.unity
  artifactKey: Guid(2fd2aeda3a6c2b64ca0187777af1b8c6) Importer(2089858483,192608db42251d675da83286b1cce702)
Start importing Assets/_3DStealthGame/Scenes/Main.unity using Guid(2fd2aeda3a6c2b64ca0187777af1b8c6) Importer(2089858483,192608db42251d675da83286b1cce702) (ScriptedImporter) -> (artifact id: '08b0e2cedc074840fc68eedcc97641d7') in 0.0953438 seconds
Number of updated asset objects reloaded before import = 0Number of asset objects unloaded after import = 1

========================================================================
Received Import Request.
  Time since last request: 1161.714676 seconds.
  path: Assets/_3DStealthGame/Art/Animation/Animator/Ghost_Controller.controller
  artifactKey: Guid(7eb8881624df9a244ae28588975cf21b) Importer(815301076,1909f56bfc062723c751e8b465ee728b)
Start importing Assets/_3DStealthGame/Art/Animation/Animator/Ghost_Controller.controller using Guid(7eb8881624df9a244ae28588975cf21b) Importer(815301076,1909f56bfc062723c751e8b465ee728b) (PreviewImporter) -> (artifact id: '4abdc3d8a8640d1a91f2d0b1d0ad1c1f') in 0.0055365 seconds
Number of updated asset objects reloaded before import = 0Number of asset objects unloaded after import = 1

========================================================================
Received Import Request.
  Time since last request: 0.000093 seconds.
  path: Assets/_3DStealthGame/Art/Animation/Animator/Ghost_Controller.controller
  artifactKey: Guid(7eb8881624df9a244ae28588975cf21b) Importer(2089858483,192608db42251d675da83286b1cce702)
Start importing Assets/_3DStealthGame/Art/Animation/Animator/Ghost_Controller.controller using Guid(7eb8881624df9a244ae28588975cf21b) Importer(2089858483,192608db42251d675da83286b1cce702) (ScriptedImporter) -> (artifact id: '68611685e071687a390565b36ca39866') in 0.0601543 seconds
Number of updated asset objects reloaded before import = 0Number of asset objects unloaded after import = 1

========================================================================
Received Import Request.
  Time since last request: 13.918523 seconds.
  path: Assets/_3DStealthGame/Prefabs/Characters/Ghost.prefab
  artifactKey: Guid(be04c01cb8f5680408c93428c346fe16) Importer(2089858483,192608db42251d675da83286b1cce702)
Start importing Assets/_3DStealthGame/Prefabs/Characters/Ghost.prefab using Guid(be04c01cb8f5680408c93428c346fe16) Importer(2089858483,192608db42251d675da83286b1cce702) (ScriptedImporter) -> (artifact id: '76d767c2a07a2cac04ccc8b0bff448b5') in 0.0823503 seconds
Number of updated asset objects reloaded before import = 0Number of asset objects unloaded after import = 51

========================================================================
Received Import Request.
  Time since last request: 16.582642 seconds.
  path: Assets/_3DStealthGame/Art/Animation/Animations/Ghost@Walk2.fbx
  artifactKey: Guid(92e5e0d48e6841b418d8f25c2b4cf489) Importer(815301076,1909f56bfc062723c751e8b465ee728b)
Start importing Assets/_3DStealthGame/Art/Animation/Animations/Ghost@Walk2.fbx using Guid(92e5e0d48e6841b418d8f25c2b4cf489) Importer(815301076,1909f56bfc062723c751e8b465ee728b) (PreviewImporter) -> (artifact id: 'd6dfc9519e10c72e35092fbc42607259') in 2.1461331 seconds
Number of updated asset objects reloaded before import = 0Number of asset objects unloaded after import = 49

========================================================================
Received Prepare
Assembly reference Packages/com.unity.cinemachine/Editor/Samples/ExposeHDRPInternals/HDRP-Editor-ref.asmref has no target assembly definition
Assembly reference Packages/com.unity.cinemachine/Editor/Samples/ExposeHDRPInternals/HDRP-Editor-ref.asmref has no target assembly definition
Begin MonoManager ReloadAssembly
Duplicate assembly 'System.Runtime.CompilerServices.Unsafe.dll' with different versions detected, using 'Packages/com.unity.collections/Unity.Collections.Tests/System.Runtime.CompilerServices.Unsafe/System.Runtime.CompilerServices.Unsafe.dll, AssemblyName=System.Runtime.CompilerServices.Unsafe, Version=6.0.0.0, Culture=neutral, PublicKeyToken=b03f5f7f11d50a3a' and ignoring 'Packages/com.unity.ai.assistant/Plugins/Markdig/Dependencies/System.Runtime.CompilerServices.Unsafe.dll, AssemblyName=System.Runtime.CompilerServices.Unsafe, Version=4.0.6.0, Culture=neutral, PublicKeyToken=b03f5f7f11d50a3a'.Symbol file LoadedFromMemory is not a mono symbol file
Symbol file LoadedFromMemory is not a mono symbol file
- Loaded All Assemblies, in  9.758 seconds
Assembly reference Packages/com.unity.cinemachine/Editor/Samples/ExposeHDRPInternals/HDRP-Editor-ref.asmref has no target assembly definition
'Packages/com.unity.cinemachine/Editor/Obsolete/CinemachineVirtualCameraBaseEditor.cs' contains partial class of Unity.Object, exactly 1 of the partial classes needs to be in a file with the same filename. This is to know the one that can be referenced from ie. GameObjects
'Packages/com.unity.cinemachine/Editor/Editors/CinemachineVirtualCameraBaseEditor.cs' contains partial class of Unity.Object, exactly 1 of the partial classes needs to be in a file with the same filename. This is to know the one that can be referenced from ie. GameObjects
Refreshing native plugins compatible for Editor in 18.42 ms, found 7 plugins.
Native extension for UWP target not found
Native extension for WindowsStandalone target not found
Native extension for WebGL target not found
Assembly reference Packages/com.unity.cinemachine/Editor/Samples/ExposeHDRPInternals/HDRP-Editor-ref.asmref has no target assembly definition
[Package Manager] Failed to launch server process. Reason: Unity was launched with the -noUpm command-line argument
[Package Manager] Unable to send message (not connected to server process).
[Package Manager] Cannot connect to Unity Package Manager local server
Mono: successfully reloaded assembly
- Finished resetting the current domain, in  5.837 seconds
Domain Reload Profiling: 15643ms
	BeginReloadAssembly (1733ms)
		ExecutionOrderSort (0ms)
		DisableScriptedObjects (186ms)
		BackupInstance (0ms)
		ReleaseScriptingObjects (2ms)
		CreateAndSetChildDomain (834ms)
	RebuildCommonClasses (113ms)
	RebuildNativeTypeToScriptingClass (39ms)
	initialDomainReloadingComplete (97ms)
	LoadAllAssembliesAndSetupDomain (7816ms)
		LoadAssemblies (5156ms)
		RebuildTransferFunctionScriptingTraits (0ms)
		AnalyzeDomain (3077ms)
			TypeCache.Refresh (49ms)
				TypeCache.ScanAssembly (0ms)
			BuildScriptInfoCaches (2901ms)
			ResolveRequiredComponents (90ms)
	FinalizeReload (5845ms)
		ReleaseScriptCaches (0ms)
		RebuildScriptCaches (0ms)
		SetupLoadedEditorAssemblies (4438ms)
			LogAssemblyErrors (0ms)
			InitializePlatformSupportModulesInManaged (63ms)
			SetLoadedEditorAssemblies (39ms)
			BeforeProcessingInitializeOnLoad (1092ms)
			ProcessInitializeOnLoadAttributes (2492ms)
			ProcessInitializeOnLoadMethodAttributes (736ms)
			AfterProcessingInitializeOnLoad (14ms)
			EditorAssembliesLoaded (1ms)
		ExecutionOrderSort2 (0ms)
		AwakeInstancesAfterBackupRestoration (46ms)
Refreshing native plugins compatible for Editor in 19.26 ms, found 7 plugins.
Preloading 0 native plugins for Editor in 0.00 ms.
Unloading 67 Unused Serialized files (Serialized files now loaded: 0)
Unloading 8115 unused Assets / (20.5 MB). Loaded Objects now: 8969.
Memory consumption went from 184.8 MB to 164.3 MB.
Total: 42.828700 ms (FindLiveObjects: 2.205800 ms CreateObjectMapping: 2.823400 ms MarkObjects: 18.825100 ms  DeleteObjects: 18.971400 ms)

Prepare: number of updated asset objects reloaded= 0
========================================================================
Received Import Request.
  Time since last request: 92.148831 seconds.
  path: Assets/_3DStealthGame/Prefabs/Characters/Ghost.prefab
  artifactKey: Guid(be04c01cb8f5680408c93428c346fe16) Importer(815301076,1909f56bfc062723c751e8b465ee728b)
Start importing Assets/_3DStealthGame/Prefabs/Characters/Ghost.prefab using Guid(be04c01cb8f5680408c93428c346fe16) Importer(815301076,1909f56bfc062723c751e8b465ee728b) (PreviewImporter)The Animator Controller (Ghost_Controller) you have used is not valid. Animations will not play
UnityEngine.Debug:ExtractStackTraceNoAlloc (byte*,int,string)
UnityEngine.StackTraceUtility:ExtractStackTrace ()
UnityEditor.EditorUtility:Internal_InstantiateRemoveAllNonAnimationComponentsSingle (UnityEngine.Object,UnityEngine.Vector3,UnityEngine.Quaternion)
UnityEditor.EditorUtility:InstantiateRemoveAllNonAnimationComponents (UnityEngine.Object,UnityEngine.Vector3,UnityEngine.Quaternion)
UnityEditor.EditorUtility:InstantiateForAnimatorPreview (UnityEngine.Object)
UnityEditor.GameObjectInspector/PreviewData:UpdateGameObject (UnityEngine.Object)
UnityEditor.GameObjectInspector/PreviewData:.ctor (UnityEngine.Object,bool)
UnityEditor.GameObjectInspector:GetPreviewData (bool)
UnityEditor.GameObjectInspector:RenderStaticPreview (string,UnityEngine.Object[],int,int)
UnityEditor.AssetPreviewUpdater:CreatePreview (UnityEngine.Object,UnityEngine.Object[],string,int,int)
UnityEditor.AssetPreviewUpdater:CreatePreviewForAsset (UnityEngine.Object,UnityEngine.Object[],string)

[C:\build\output\unity\unity\Modules\Animation\Director\AnimatorControllerPlayable.cpp line 332]

 -> (artifact id: '77854b265ae20e35df38d0746abe2a94') in 1.7478962 seconds
Number of updated asset objects reloaded before import = 0Number of asset objects unloaded after import = 109

========================================================================
Received Import Request.
  Time since last request: 5.577231 seconds.
  path: Assets/_3DStealthGame/Prefabs/Characters/Ghost.prefab
  artifactKey: Guid(be04c01cb8f5680408c93428c346fe16) Importer(2089858483,192608db42251d675da83286b1cce702)
Start importing Assets/_3DStealthGame/Prefabs/Characters/Ghost.prefab using Guid(be04c01cb8f5680408c93428c346fe16) Importer(2089858483,192608db42251d675da83286b1cce702) (ScriptedImporter) -> (artifact id: 'f99ff3f2c382f88d2f520b02993747f9') in 0.5083837 seconds
Number of updated asset objects reloaded before import = 0Number of asset objects unloaded after import = 52

========================================================================
Received Import Request.
  Time since last request: 2.565965 seconds.
  path: Assets/_3DStealthGame/Prefabs/Characters/Ghost.prefab
  artifactKey: Guid(be04c01cb8f5680408c93428c346fe16) Importer(2089858483,192608db42251d675da83286b1cce702)
Start importing Assets/_3DStealthGame/Prefabs/Characters/Ghost.prefab using Guid(be04c01cb8f5680408c93428c346fe16) Importer(2089858483,192608db42251d675da83286b1cce702) (ScriptedImporter) -> (artifact id: 'dbef2ea6c5bed21d3d9a8f86a658f3d9') in 0.1410372 seconds
Number of updated asset objects reloaded before import = 0Number of asset objects unloaded after import = 52

========================================================================
Received Import Request.
  Time since last request: 6.094012 seconds.
  path: Assets/_3DStealthGame/Prefabs/Characters/Ghost.prefab
  artifactKey: Guid(be04c01cb8f5680408c93428c346fe16) Importer(2089858483,192608db42251d675da83286b1cce702)
Start importing Assets/_3DStealthGame/Prefabs/Characters/Ghost.prefab using Guid(be04c01cb8f5680408c93428c346fe16) Importer(2089858483,192608db42251d675da83286b1cce702) (ScriptedImporter) -> (artifact id: 'a36fd683ea007b948316fa86220370ea') in 0.0396335 seconds
Number of updated asset objects reloaded before import = 0Number of asset objects unloaded after import = 53

========================================================================
Received Import Request.
  Time since last request: 21.847825 seconds.
  path: Assets/_3DStealthGame/Prefabs/Characters/Ghost.prefab
  artifactKey: Guid(be04c01cb8f5680408c93428c346fe16) Importer(2089858483,192608db42251d675da83286b1cce702)
Start importing Assets/_3DStealthGame/Prefabs/Characters/Ghost.prefab using Guid(be04c01cb8f5680408c93428c346fe16) Importer(2089858483,192608db42251d675da83286b1cce702) (ScriptedImporter) -> (artifact id: '546e5eb4ddf57306b2cd3dda8f1f217e') in 0.037764 seconds
Number of updated asset objects reloaded before import = 0Number of asset objects unloaded after import = 53

========================================================================
Received Import Request.
  Time since last request: 6.301598 seconds.
  path: Assets/_3DStealthGame/Prefabs/Characters/Ghost.prefab
  artifactKey: Guid(be04c01cb8f5680408c93428c346fe16) Importer(2089858483,192608db42251d675da83286b1cce702)
Start importing Assets/_3DStealthGame/Prefabs/Characters/Ghost.prefab using Guid(be04c01cb8f5680408c93428c346fe16) Importer(2089858483,192608db42251d675da83286b1cce702) (ScriptedImporter) -> (artifact id: '785a99af97a80fb73575b1a9f297a724') in 0.2236614 seconds
Number of updated asset objects reloaded before import = 0Number of asset objects unloaded after import = 53

========================================================================
Received Import Request.
  Time since last request: 6.057196 seconds.
  path: Assets/_3DStealthGame/Prefabs/Characters/Ghost.prefab
  artifactKey: Guid(be04c01cb8f5680408c93428c346fe16) Importer(2089858483,192608db42251d675da83286b1cce702)
Start importing Assets/_3DStealthGame/Prefabs/Characters/Ghost.prefab using Guid(be04c01cb8f5680408c93428c346fe16) Importer(2089858483,192608db42251d675da83286b1cce702) (ScriptedImporter) -> (artifact id: '9f6cf22add72f8926fa1767af939240c') in 0.0348206 seconds
Number of updated asset objects reloaded before import = 0Number of asset objects unloaded after import = 53

========================================================================
Received Import Request.
  Time since last request: 3331.648695 seconds.
  path: Assets/_3DStealthGame/Prefabs/Characters/Ghost.prefab
  artifactKey: Guid(be04c01cb8f5680408c93428c346fe16) Importer(2089858483,192608db42251d675da83286b1cce702)
Start importing Assets/_3DStealthGame/Prefabs/Characters/Ghost.prefab using Guid(be04c01cb8f5680408c93428c346fe16) Importer(2089858483,192608db42251d675da83286b1cce702) (ScriptedImporter) -> (artifact id: 'fea025ae6b75394f3c30bc8e4d417b84') in 0.1394748 seconds
Number of updated asset objects reloaded before import = 0Number of asset objects unloaded after import = 57

========================================================================
Received Import Request.
  Time since last request: 3.864189 seconds.
  path: Assets/_3DStealthGame/Prefabs/Characters/Ghost.prefab
  artifactKey: Guid(be04c01cb8f5680408c93428c346fe16) Importer(2089858483,192608db42251d675da83286b1cce702)
Start importing Assets/_3DStealthGame/Prefabs/Characters/Ghost.prefab using Guid(be04c01cb8f5680408c93428c346fe16) Importer(2089858483,192608db42251d675da83286b1cce702) (ScriptedImporter) -> (artifact id: '6d872ea4b84dcce1477f50ce3c161468') in 0.0670388 seconds
Number of updated asset objects reloaded before import = 0Number of asset objects unloaded after import = 57

========================================================================
Received Import Request.
  Time since last request: 8.558417 seconds.
  path: Assets/_3DStealthGame/Prefabs/Characters/Ghost.prefab
  artifactKey: Guid(be04c01cb8f5680408c93428c346fe16) Importer(2089858483,192608db42251d675da83286b1cce702)
Start importing Assets/_3DStealthGame/Prefabs/Characters/Ghost.prefab using Guid(be04c01cb8f5680408c93428c346fe16) Importer(2089858483,192608db42251d675da83286b1cce702) (ScriptedImporter) -> (artifact id: 'b0e3eacdf3bd7571ad9d103bb5656faf') in 0.0374698 seconds
Number of updated asset objects reloaded before import = 0Number of asset objects unloaded after import = 57

========================================================================
Received Import Request.
  Time since last request: 2.344883 seconds.
  path: Assets/_3DStealthGame/Prefabs/Characters/Ghost.prefab
  artifactKey: Guid(be04c01cb8f5680408c93428c346fe16) Importer(2089858483,192608db42251d675da83286b1cce702)
Start importing Assets/_3DStealthGame/Prefabs/Characters/Ghost.prefab using Guid(be04c01cb8f5680408c93428c346fe16) Importer(2089858483,192608db42251d675da83286b1cce702) (ScriptedImporter) -> (artifact id: '7349dc089a535eb7a21ef87f88cd64ce') in 0.0388032 seconds
Number of updated asset objects reloaded before import = 0Number of asset objects unloaded after import = 57

========================================================================
Received Import Request.
  Time since last request: 7.123479 seconds.
  path: Assets/_3DStealthGame/Prefabs/Characters/Ghost.prefab
  artifactKey: Guid(be04c01cb8f5680408c93428c346fe16) Importer(2089858483,192608db42251d675da83286b1cce702)
Start importing Assets/_3DStealthGame/Prefabs/Characters/Ghost.prefab using Guid(be04c01cb8f5680408c93428c346fe16) Importer(2089858483,192608db42251d675da83286b1cce702) (ScriptedImporter) -> (artifact id: 'b6b9f7f3d2a221a4a940ce897442524b') in 0.1569648 seconds
Number of updated asset objects reloaded before import = 0Number of asset objects unloaded after import = 57

========================================================================
Received Import Request.
  Time since last request: 60.373785 seconds.
  path: Assets/_3DStealthGame/Art/Animation/Animator/Ghost_Controller.controller
  artifactKey: Guid(7eb8881624df9a244ae28588975cf21b) Importer(2089858483,192608db42251d675da83286b1cce702)
Start importing Assets/_3DStealthGame/Art/Animation/Animator/Ghost_Controller.controller using Guid(7eb8881624df9a244ae28588975cf21b) Importer(2089858483,192608db42251d675da83286b1cce702) (ScriptedImporter) -> (artifact id: 'fde9aea4b7cce0da3e7fc9c347f57395') in 0.497239 seconds
Number of updated asset objects reloaded before import = 0Number of asset objects unloaded after import = 4

========================================================================
Received Import Request.
  Time since last request: 0.000424 seconds.
  path: Assets/_3DStealthGame/Scenes/Main.unity
  artifactKey: Guid(2fd2aeda3a6c2b64ca0187777af1b8c6) Importer(2089858483,192608db42251d675da83286b1cce702)
Start importing Assets/_3DStealthGame/Scenes/Main.unity using Guid(2fd2aeda3a6c2b64ca0187777af1b8c6) Importer(2089858483,192608db42251d675da83286b1cce702) (ScriptedImporter) -> (artifact id: 'd402727bd8cc6bcfd5abb7734308e934') in 0.0475003 seconds
Number of updated asset objects reloaded before import = 0Number of asset objects unloaded after import = 1

========================================================================
Received Prepare
Assembly reference Packages/com.unity.cinemachine/Editor/Samples/ExposeHDRPInternals/HDRP-Editor-ref.asmref has no target assembly definition
Assembly reference Packages/com.unity.cinemachine/Editor/Samples/ExposeHDRPInternals/HDRP-Editor-ref.asmref has no target assembly definition
Begin MonoManager ReloadAssembly
Duplicate assembly 'System.Runtime.CompilerServices.Unsafe.dll' with different versions detected, using 'Packages/com.unity.collections/Unity.Collections.Tests/System.Runtime.CompilerServices.Unsafe/System.Runtime.CompilerServices.Unsafe.dll, AssemblyName=System.Runtime.CompilerServices.Unsafe, Version=6.0.0.0, Culture=neutral, PublicKeyToken=b03f5f7f11d50a3a' and ignoring 'Packages/com.unity.ai.assistant/Plugins/Markdig/Dependencies/System.Runtime.CompilerServices.Unsafe.dll, AssemblyName=System.Runtime.CompilerServices.Unsafe, Version=4.0.6.0, Culture=neutral, PublicKeyToken=b03f5f7f11d50a3a'.Symbol file LoadedFromMemory is not a mono symbol file
Symbol file LoadedFromMemory is not a mono symbol file
- Loaded All Assemblies, in 28.857 seconds
Assembly reference Packages/com.unity.cinemachine/Editor/Samples/ExposeHDRPInternals/HDRP-Editor-ref.asmref has no target assembly definition
'Packages/com.unity.cinemachine/Editor/Obsolete/CinemachineVirtualCameraBaseEditor.cs' contains partial class of Unity.Object, exactly 1 of the partial classes needs to be in a file with the same filename. This is to know the one that can be referenced from ie. GameObjects
'Packages/com.unity.cinemachine/Editor/Editors/CinemachineVirtualCameraBaseEditor.cs' contains partial class of Unity.Object, exactly 1 of the partial classes needs to be in a file with the same filename. This is to know the one that can be referenced from ie. GameObjects
Refreshing native plugins compatible for Editor in 16.00 ms, found 7 plugins.
Native extension for UWP target not found
Native extension for WindowsStandalone target not found
Native extension for WebGL target not found
Assembly reference Packages/com.unity.cinemachine/Editor/Samples/ExposeHDRPInternals/HDRP-Editor-ref.asmref has no target assembly definition
[Package Manager] Failed to launch server process. Reason: Unity was launched with the -noUpm command-line argument
[Package Manager] Unable to send message (not connected to server process).
[Package Manager] Cannot connect to Unity Package Manager local server
Mono: successfully reloaded assembly
- Finished resetting the current domain, in  6.727 seconds
Domain Reload Profiling: 35577ms
	BeginReloadAssembly (1446ms)
		ExecutionOrderSort (0ms)
		DisableScriptedObjects (71ms)
		BackupInstance (0ms)
		ReleaseScriptingObjects (0ms)
		CreateAndSetChildDomain (236ms)
	RebuildCommonClasses (1283ms)
	RebuildNativeTypeToScriptingClass (65ms)
	initialDomainReloadingComplete (172ms)
	LoadAllAssembliesAndSetupDomain (25882ms)
		LoadAssemblies (21608ms)
		RebuildTransferFunctionScriptingTraits (0ms)
		AnalyzeDomain (5240ms)
			TypeCache.Refresh (75ms)
				TypeCache.ScanAssembly (0ms)
			BuildScriptInfoCaches (5071ms)
			ResolveRequiredComponents (61ms)
	FinalizeReload (6728ms)
		ReleaseScriptCaches (0ms)
		RebuildScriptCaches (0ms)
		SetupLoadedEditorAssemblies (5831ms)
			LogAssemblyErrors (0ms)
			InitializePlatformSupportModulesInManaged (12ms)
			SetLoadedEditorAssemblies (81ms)
			BeforeProcessingInitializeOnLoad (1617ms)
			ProcessInitializeOnLoadAttributes (3081ms)
			ProcessInitializeOnLoadMethodAttributes (1027ms)
			AfterProcessingInitializeOnLoad (12ms)
			EditorAssembliesLoaded (1ms)
		ExecutionOrderSort2 (0ms)
		AwakeInstancesAfterBackupRestoration (100ms)
Refreshing native plugins compatible for Editor in 14.15 ms, found 7 plugins.
Preloading 0 native plugins for Editor in 0.00 ms.
Unloading 67 Unused Serialized files (Serialized files now loaded: 0)
Unloading 8115 unused Assets / (19.0 MB). Loaded Objects now: 8992.
Memory consumption went from 184.9 MB to 165.8 MB.
Total: 50.808400 ms (FindLiveObjects: 3.286600 ms CreateObjectMapping: 6.059900 ms MarkObjects: 13.024600 ms  DeleteObjects: 28.433300 ms)

Prepare: number of updated asset objects reloaded= 0
========================================================================
Received Prepare
'Packages/com.unity.cinemachine/Editor/Obsolete/CinemachineVirtualCameraBaseEditor.cs' contains partial class of Unity.Object, exactly 1 of the partial classes needs to be in a file with the same filename. This is to know the one that can be referenced from ie. GameObjects
'Packages/com.unity.cinemachine/Editor/Editors/CinemachineVirtualCameraBaseEditor.cs' contains partial class of Unity.Object, exactly 1 of the partial classes needs to be in a file with the same filename. This is to know the one that can be referenced from ie. GameObjects
Refreshing native plugins compatible for Editor in 6.28 ms, found 7 plugins.
Preloading 0 native plugins for Editor in 0.00 ms.
Unloading 67 Unused Serialized files (Serialized files now loaded: 0)
Unloading 8096 unused Assets / (19.2 MB). Loaded Objects now: 8993.
Memory consumption went from 188.4 MB to 169.2 MB.
Total: 24.786500 ms (FindLiveObjects: 1.431300 ms CreateObjectMapping: 2.059300 ms MarkObjects: 11.018500 ms  DeleteObjects: 10.275800 ms)

Prepare: number of updated asset objects reloaded= 0
========================================================================
Received Import Request.
  Time since last request: 335.677541 seconds.
  path: Assets/_3DStealthGame/Scripts/AIPatrol.cs
  artifactKey: Guid(05a507fb50180924db151c63d661edf8) Importer(2089858483,192608db42251d675da83286b1cce702)
Start importing Assets/_3DStealthGame/Scripts/AIPatrol.cs using Guid(05a507fb50180924db151c63d661edf8) Importer(2089858483,192608db42251d675da83286b1cce702) (ScriptedImporter) -> (artifact id: '80061612ec28e99837e8cc5d0a2af8d7') in 0.9771459 seconds
Number of updated asset objects reloaded before import = 0Number of asset objects unloaded after import = 0

========================================================================
Received Prepare
Assembly reference Packages/com.unity.cinemachine/Editor/Samples/ExposeHDRPInternals/HDRP-Editor-ref.asmref has no target assembly definition
Assembly reference Packages/com.unity.cinemachine/Editor/Samples/ExposeHDRPInternals/HDRP-Editor-ref.asmref has no target assembly definition
Begin MonoManager ReloadAssembly
Duplicate assembly 'System.Runtime.CompilerServices.Unsafe.dll' with different versions detected, using 'Packages/com.unity.collections/Unity.Collections.Tests/System.Runtime.CompilerServices.Unsafe/System.Runtime.CompilerServices.Unsafe.dll, AssemblyName=System.Runtime.CompilerServices.Unsafe, Version=6.0.0.0, Culture=neutral, PublicKeyToken=b03f5f7f11d50a3a' and ignoring 'Packages/com.unity.ai.assistant/Plugins/Markdig/Dependencies/System.Runtime.CompilerServices.Unsafe.dll, AssemblyName=System.Runtime.CompilerServices.Unsafe, Version=4.0.6.0, Culture=neutral, PublicKeyToken=b03f5f7f11d50a3a'.Symbol file LoadedFromMemory is not a mono symbol file
Symbol file LoadedFromMemory is not a mono symbol file
- Loaded All Assemblies, in  2.810 seconds
Assembly reference Packages/com.unity.cinemachine/Editor/Samples/ExposeHDRPInternals/HDRP-Editor-ref.asmref has no target assembly definition
'Packages/com.unity.cinemachine/Editor/Obsolete/CinemachineVirtualCameraBaseEditor.cs' contains partial class of Unity.Object, exactly 1 of the partial classes needs to be in a file with the same filename. This is to know the one that can be referenced from ie. GameObjects
'Packages/com.unity.cinemachine/Editor/Editors/CinemachineVirtualCameraBaseEditor.cs' contains partial class of Unity.Object, exactly 1 of the partial classes needs to be in a file with the same filename. This is to know the one that can be referenced from ie. GameObjects
Refreshing native plugins compatible for Editor in 9.78 ms, found 7 plugins.
Native extension for UWP target not found
Native extension for WindowsStandalone target not found
Native extension for WebGL target not found
Assembly reference Packages/com.unity.cinemachine/Editor/Samples/ExposeHDRPInternals/HDRP-Editor-ref.asmref has no target assembly definition
[Package Manager] Failed to launch server process. Reason: Unity was launched with the -noUpm command-line argument
[Package Manager] Unable to send message (not connected to server process).
[Package Manager] Cannot connect to Unity Package Manager local server
Mono: successfully reloaded assembly
- Finished resetting the current domain, in  3.419 seconds
Domain Reload Profiling: 6227ms
	BeginReloadAssembly (726ms)
		ExecutionOrderSort (0ms)
		DisableScriptedObjects (18ms)
		BackupInstance (0ms)
		ReleaseScriptingObjects (0ms)
		CreateAndSetChildDomain (179ms)
	RebuildCommonClasses (137ms)
	RebuildNativeTypeToScriptingClass (44ms)
	initialDomainReloadingComplete (107ms)
	LoadAllAssembliesAndSetupDomain (1794ms)
		LoadAssemblies (1216ms)
		RebuildTransferFunctionScriptingTraits (0ms)
		AnalyzeDomain (974ms)
			TypeCache.Refresh (132ms)
				TypeCache.ScanAssembly (1ms)
			BuildScriptInfoCaches (802ms)
			ResolveRequiredComponents (29ms)
	FinalizeReload (3420ms)
		ReleaseScriptCaches (0ms)
		RebuildScriptCaches (0ms)
		SetupLoadedEditorAssemblies (2917ms)
			LogAssemblyErrors (0ms)
			InitializePlatformSupportModulesInManaged (6ms)
			SetLoadedEditorAssemblies (16ms)
			BeforeProcessingInitializeOnLoad (771ms)
			ProcessInitializeOnLoadAttributes (1484ms)
			ProcessInitializeOnLoadMethodAttributes (628ms)
			AfterProcessingInitializeOnLoad (10ms)
			EditorAssembliesLoaded (2ms)
		ExecutionOrderSort2 (0ms)
		AwakeInstancesAfterBackupRestoration (50ms)
Refreshing native plugins compatible for Editor in 10.61 ms, found 7 plugins.
Preloading 0 native plugins for Editor in 0.00 ms.
Unloading 67 Unused Serialized files (Serialized files now loaded: 0)
Unloading 8115 unused Assets / (19.5 MB). Loaded Objects now: 8995.
Memory consumption went from 184.8 MB to 165.3 MB.
Total: 33.573500 ms (FindLiveObjects: 1.569600 ms CreateObjectMapping: 2.590000 ms MarkObjects: 14.293800 ms  DeleteObjects: 15.117700 ms)

Prepare: number of updated asset objects reloaded= 0
========================================================================
Received Import Request.
  Time since last request: 55.964237 seconds.
  path: Assets/_3DStealthGame/Scripts/AIPatrol.cs
  artifactKey: Guid(05a507fb50180924db151c63d661edf8) Importer(815301076,1909f56bfc062723c751e8b465ee728b)
Start importing Assets/_3DStealthGame/Scripts/AIPatrol.cs using Guid(05a507fb50180924db151c63d661edf8) Importer(815301076,1909f56bfc062723c751e8b465ee728b) (PreviewImporter) -> (artifact id: '393373ab1f0a7911af0e637928ddf858') in 0.0361673 seconds
Number of updated asset objects reloaded before import = 0Number of asset objects unloaded after import = 0

========================================================================
Received Prepare
Assembly reference Packages/com.unity.cinemachine/Editor/Samples/ExposeHDRPInternals/HDRP-Editor-ref.asmref has no target assembly definition
Assembly reference Packages/com.unity.cinemachine/Editor/Samples/ExposeHDRPInternals/HDRP-Editor-ref.asmref has no target assembly definition
Begin MonoManager ReloadAssembly
Duplicate assembly 'System.Runtime.CompilerServices.Unsafe.dll' with different versions detected, using 'Packages/com.unity.collections/Unity.Collections.Tests/System.Runtime.CompilerServices.Unsafe/System.Runtime.CompilerServices.Unsafe.dll, AssemblyName=System.Runtime.CompilerServices.Unsafe, Version=6.0.0.0, Culture=neutral, PublicKeyToken=b03f5f7f11d50a3a' and ignoring 'Packages/com.unity.ai.assistant/Plugins/Markdig/Dependencies/System.Runtime.CompilerServices.Unsafe.dll, AssemblyName=System.Runtime.CompilerServices.Unsafe, Version=4.0.6.0, Culture=neutral, PublicKeyToken=b03f5f7f11d50a3a'.Symbol file LoadedFromMemory is not a mono symbol file
Symbol file LoadedFromMemory is not a mono symbol file
- Loaded All Assemblies, in  3.498 seconds
Assembly reference Packages/com.unity.cinemachine/Editor/Samples/ExposeHDRPInternals/HDRP-Editor-ref.asmref has no target assembly definition
'Packages/com.unity.cinemachine/Editor/Obsolete/CinemachineVirtualCameraBaseEditor.cs' contains partial class of Unity.Object, exactly 1 of the partial classes needs to be in a file with the same filename. This is to know the one that can be referenced from ie. GameObjects
'Packages/com.unity.cinemachine/Editor/Editors/CinemachineVirtualCameraBaseEditor.cs' contains partial class of Unity.Object, exactly 1 of the partial classes needs to be in a file with the same filename. This is to know the one that can be referenced from ie. GameObjects
Refreshing native plugins compatible for Editor in 9.22 ms, found 7 plugins.
Native extension for UWP target not found
Native extension for WindowsStandalone target not found
Native extension for WebGL target not found
Assembly reference Packages/com.unity.cinemachine/Editor/Samples/ExposeHDRPInternals/HDRP-Editor-ref.asmref has no target assembly definition
[Package Manager] Failed to launch server process. Reason: Unity was launched with the -noUpm command-line argument
[Package Manager] Unable to send message (not connected to server process).
[Package Manager] Cannot connect to Unity Package Manager local server
Mono: successfully reloaded assembly
- Finished resetting the current domain, in  3.294 seconds
Domain Reload Profiling: 6794ms
	BeginReloadAssembly (567ms)
		ExecutionOrderSort (0ms)
		DisableScriptedObjects (17ms)
		BackupInstance (0ms)
		ReleaseScriptingObjects (0ms)
		CreateAndSetChildDomain (126ms)
	RebuildCommonClasses (156ms)
	RebuildNativeTypeToScriptingClass (35ms)
	initialDomainReloadingComplete (75ms)
	LoadAllAssembliesAndSetupDomain (2666ms)
		LoadAssemblies (1977ms)
		RebuildTransferFunctionScriptingTraits (0ms)
		AnalyzeDomain (993ms)
			TypeCache.Refresh (24ms)
				TypeCache.ScanAssembly (1ms)
			BuildScriptInfoCaches (908ms)
			ResolveRequiredComponents (43ms)
	FinalizeReload (3295ms)
		ReleaseScriptCaches (0ms)
		RebuildScriptCaches (0ms)
		SetupLoadedEditorAssemblies (2836ms)
			LogAssemblyErrors (0ms)
			InitializePlatformSupportModulesInManaged (8ms)
			SetLoadedEditorAssemblies (13ms)
			BeforeProcessingInitializeOnLoad (763ms)
			ProcessInitializeOnLoadAttributes (1604ms)
			ProcessInitializeOnLoadMethodAttributes (436ms)
			AfterProcessingInitializeOnLoad (10ms)
			EditorAssembliesLoaded (1ms)
		ExecutionOrderSort2 (0ms)
		AwakeInstancesAfterBackupRestoration (50ms)
Refreshing native plugins compatible for Editor in 5.97 ms, found 7 plugins.
Preloading 0 native plugins for Editor in 0.00 ms.
Unloading 67 Unused Serialized files (Serialized files now loaded: 0)
Unloading 8115 unused Assets / (19.9 MB). Loaded Objects now: 8997.
Memory consumption went from 184.8 MB to 164.9 MB.
Total: 42.694500 ms (FindLiveObjects: 1.527400 ms CreateObjectMapping: 2.003700 ms MarkObjects: 24.222700 ms  DeleteObjects: 14.938100 ms)

Prepare: number of updated asset objects reloaded= 0
========================================================================
Received Import Request.
  Time since last request: 416.459000 seconds.
  path: Assets/_3DStealthGame/Scripts/AIPatrol.cs
  artifactKey: Guid(05a507fb50180924db151c63d661edf8) Importer(2089858483,192608db42251d675da83286b1cce702)
Start importing Assets/_3DStealthGame/Scripts/AIPatrol.cs using Guid(05a507fb50180924db151c63d661edf8) Importer(2089858483,192608db42251d675da83286b1cce702) (ScriptedImporter) -> (artifact id: 'd182d90ba5726e38ff98a756e8ee5020') in 0.669132 seconds
Number of updated asset objects reloaded before import = 0Number of asset objects unloaded after import = 0

========================================================================
Received Import Request.
  Time since last request: 26.436280 seconds.
  path: Assets/_3DStealthGame/Scenes/Main.unity
  artifactKey: Guid(2fd2aeda3a6c2b64ca0187777af1b8c6) Importer(2089858483,192608db42251d675da83286b1cce702)
Start importing Assets/_3DStealthGame/Scenes/Main.unity using Guid(2fd2aeda3a6c2b64ca0187777af1b8c6) Importer(2089858483,192608db42251d675da83286b1cce702) (ScriptedImporter) -> (artifact id: '4770db7cbc747a109de77646082b1740') in 0.0728476 seconds
Number of updated asset objects reloaded before import = 0Number of asset objects unloaded after import = 1

========================================================================
Received Import Request.
  Time since last request: 11.811395 seconds.
  path: Assets/_3DStealthGame/Scenes/Main.unity
  artifactKey: Guid(2fd2aeda3a6c2b64ca0187777af1b8c6) Importer(2089858483,192608db42251d675da83286b1cce702)
Start importing Assets/_3DStealthGame/Scenes/Main.unity using Guid(2fd2aeda3a6c2b64ca0187777af1b8c6) Importer(2089858483,192608db42251d675da83286b1cce702) (ScriptedImporter) -> (artifact id: 'ae2316ca982a66089a32c97ea8fd14fb') in 0.0329189 seconds
Number of updated asset objects reloaded before import = 0Number of asset objects unloaded after import = 1

========================================================================
Received Prepare
Assembly reference Packages/com.unity.cinemachine/Editor/Samples/ExposeHDRPInternals/HDRP-Editor-ref.asmref has no target assembly definition
Assembly reference Packages/com.unity.cinemachine/Editor/Samples/ExposeHDRPInternals/HDRP-Editor-ref.asmref has no target assembly definition
Begin MonoManager ReloadAssembly
Duplicate assembly 'System.Runtime.CompilerServices.Unsafe.dll' with different versions detected, using 'Packages/com.unity.collections/Unity.Collections.Tests/System.Runtime.CompilerServices.Unsafe/System.Runtime.CompilerServices.Unsafe.dll, AssemblyName=System.Runtime.CompilerServices.Unsafe, Version=6.0.0.0, Culture=neutral, PublicKeyToken=b03f5f7f11d50a3a' and ignoring 'Packages/com.unity.ai.assistant/Plugins/Markdig/Dependencies/System.Runtime.CompilerServices.Unsafe.dll, AssemblyName=System.Runtime.CompilerServices.Unsafe, Version=4.0.6.0, Culture=neutral, PublicKeyToken=b03f5f7f11d50a3a'.Symbol file LoadedFromMemory is not a mono symbol file
Symbol file LoadedFromMemory is not a mono symbol file
- Loaded All Assemblies, in  2.700 seconds
Assembly reference Packages/com.unity.cinemachine/Editor/Samples/ExposeHDRPInternals/HDRP-Editor-ref.asmref has no target assembly definition
'Packages/com.unity.cinemachine/Editor/Obsolete/CinemachineVirtualCameraBaseEditor.cs' contains partial class of Unity.Object, exactly 1 of the partial classes needs to be in a file with the same filename. This is to know the one that can be referenced from ie. GameObjects
'Packages/com.unity.cinemachine/Editor/Editors/CinemachineVirtualCameraBaseEditor.cs' contains partial class of Unity.Object, exactly 1 of the partial classes needs to be in a file with the same filename. This is to know the one that can be referenced from ie. GameObjects
Refreshing native plugins compatible for Editor in 13.19 ms, found 7 plugins.
Native extension for UWP target not found
Native extension for WindowsStandalone target not found
Native extension for WebGL target not found
Assembly reference Packages/com.unity.cinemachine/Editor/Samples/ExposeHDRPInternals/HDRP-Editor-ref.asmref has no target assembly definition
[Package Manager] Failed to launch server process. Reason: Unity was launched with the -noUpm command-line argument
[Package Manager] Unable to send message (not connected to server process).
[Package Manager] Cannot connect to Unity Package Manager local server
Mono: successfully reloaded assembly
- Finished resetting the current domain, in  4.903 seconds
Domain Reload Profiling: 7606ms
	BeginReloadAssembly (803ms)
		ExecutionOrderSort (0ms)
		DisableScriptedObjects (18ms)
		BackupInstance (0ms)
		ReleaseScriptingObjects (0ms)
		CreateAndSetChildDomain (212ms)
	RebuildCommonClasses (112ms)
	RebuildNativeTypeToScriptingClass (38ms)
	initialDomainReloadingComplete (78ms)
	LoadAllAssembliesAndSetupDomain (1670ms)
		LoadAssemblies (1189ms)
		RebuildTransferFunctionScriptingTraits (0ms)
		AnalyzeDomain (873ms)
			TypeCache.Refresh (20ms)
				TypeCache.ScanAssembly (0ms)
			BuildScriptInfoCaches (816ms)
			ResolveRequiredComponents (27ms)
	FinalizeReload (4905ms)
		ReleaseScriptCaches (0ms)
		RebuildScriptCaches (0ms)
		SetupLoadedEditorAssemblies (4322ms)
			LogAssemblyErrors (0ms)
			InitializePlatformSupportModulesInManaged (9ms)
			SetLoadedEditorAssemblies (16ms)
			BeforeProcessingInitializeOnLoad (825ms)
			ProcessInitializeOnLoadAttributes (2736ms)
			ProcessInitializeOnLoadMethodAttributes (717ms)
			AfterProcessingInitializeOnLoad (17ms)
			EditorAssembliesLoaded (1ms)
		ExecutionOrderSort2 (0ms)
		AwakeInstancesAfterBackupRestoration (86ms)
Refreshing native plugins compatible for Editor in 11.59 ms, found 7 plugins.
Preloading 0 native plugins for Editor in 0.00 ms.
Unloading 67 Unused Serialized files (Serialized files now loaded: 0)
Unloading 8115 unused Assets / (19.2 MB). Loaded Objects now: 8999.
Memory consumption went from 184.9 MB to 165.7 MB.
Total: 57.621300 ms (FindLiveObjects: 3.911400 ms CreateObjectMapping: 8.785800 ms MarkObjects: 17.466300 ms  DeleteObjects: 27.455400 ms)

Prepare: number of updated asset objects reloaded= 0
========================================================================
Received Prepare
Assembly reference Packages/com.unity.cinemachine/Editor/Samples/ExposeHDRPInternals/HDRP-Editor-ref.asmref has no target assembly definition
Assembly reference Packages/com.unity.cinemachine/Editor/Samples/ExposeHDRPInternals/HDRP-Editor-ref.asmref has no target assembly definition
Begin MonoManager ReloadAssembly
Duplicate assembly 'System.Runtime.CompilerServices.Unsafe.dll' with different versions detected, using 'Packages/com.unity.collections/Unity.Collections.Tests/System.Runtime.CompilerServices.Unsafe/System.Runtime.CompilerServices.Unsafe.dll, AssemblyName=System.Runtime.CompilerServices.Unsafe, Version=6.0.0.0, Culture=neutral, PublicKeyToken=b03f5f7f11d50a3a' and ignoring 'Packages/com.unity.ai.assistant/Plugins/Markdig/Dependencies/System.Runtime.CompilerServices.Unsafe.dll, AssemblyName=System.Runtime.CompilerServices.Unsafe, Version=4.0.6.0, Culture=neutral, PublicKeyToken=b03f5f7f11d50a3a'.Symbol file LoadedFromMemory is not a mono symbol file
Symbol file LoadedFromMemory is not a mono symbol file
- Loaded All Assemblies, in  2.278 seconds
Assembly reference Packages/com.unity.cinemachine/Editor/Samples/ExposeHDRPInternals/HDRP-Editor-ref.asmref has no target assembly definition
'Packages/com.unity.cinemachine/Editor/Obsolete/CinemachineVirtualCameraBaseEditor.cs' contains partial class of Unity.Object, exactly 1 of the partial classes needs to be in a file with the same filename. This is to know the one that can be referenced from ie. GameObjects
'Packages/com.unity.cinemachine/Editor/Editors/CinemachineVirtualCameraBaseEditor.cs' contains partial class of Unity.Object, exactly 1 of the partial classes needs to be in a file with the same filename. This is to know the one that can be referenced from ie. GameObjects
Refreshing native plugins compatible for Editor in 7.67 ms, found 7 plugins.
Native extension for UWP target not found
Native extension for WindowsStandalone target not found
Native extension for WebGL target not found
Assembly reference Packages/com.unity.cinemachine/Editor/Samples/ExposeHDRPInternals/HDRP-Editor-ref.asmref has no target assembly definition
[Package Manager] Failed to launch server process. Reason: Unity was launched with the -noUpm command-line argument
[Package Manager] Unable to send message (not connected to server process).
[Package Manager] Cannot connect to Unity Package Manager local server
Mono: successfully reloaded assembly
- Finished resetting the current domain, in  3.856 seconds
Domain Reload Profiling: 6137ms
	BeginReloadAssembly (532ms)
		ExecutionOrderSort (0ms)
		DisableScriptedObjects (16ms)
		BackupInstance (0ms)
		ReleaseScriptingObjects (0ms)
		CreateAndSetChildDomain (162ms)
	RebuildCommonClasses (89ms)
	RebuildNativeTypeToScriptingClass (30ms)
	initialDomainReloadingComplete (65ms)
	LoadAllAssembliesAndSetupDomain (1564ms)
		LoadAssemblies (967ms)
		RebuildTransferFunctionScriptingTraits (0ms)
		AnalyzeDomain (835ms)
			TypeCache.Refresh (15ms)
				TypeCache.ScanAssembly (0ms)
			BuildScriptInfoCaches (780ms)
			ResolveRequiredComponents (27ms)
	FinalizeReload (3857ms)
		ReleaseScriptCaches (0ms)
		RebuildScriptCaches (0ms)
		SetupLoadedEditorAssemblies (3369ms)
			LogAssemblyErrors (0ms)
			InitializePlatformSupportModulesInManaged (6ms)
			SetLoadedEditorAssemblies (7ms)
			BeforeProcessingInitializeOnLoad (690ms)
			ProcessInitializeOnLoadAttributes (2048ms)
			ProcessInitializeOnLoadMethodAttributes (603ms)
			AfterProcessingInitializeOnLoad (13ms)
			EditorAssembliesLoaded (1ms)
		ExecutionOrderSort2 (0ms)
		AwakeInstancesAfterBackupRestoration (76ms)
Refreshing native plugins compatible for Editor in 24.28 ms, found 7 plugins.
Preloading 0 native plugins for Editor in 0.00 ms.
Unloading 67 Unused Serialized files (Serialized files now loaded: 0)
Unloading 8115 unused Assets / (21.0 MB). Loaded Objects now: 9001.
Memory consumption went from 188.5 MB to 167.5 MB.
Total: 62.285100 ms (FindLiveObjects: 2.358400 ms CreateObjectMapping: 4.754600 ms MarkObjects: 24.396600 ms  DeleteObjects: 30.772900 ms)

Prepare: number of updated asset objects reloaded= 0
========================================================================
Received Prepare
Assembly reference Packages/com.unity.cinemachine/Editor/Samples/ExposeHDRPInternals/HDRP-Editor-ref.asmref has no target assembly definition
Assembly reference Packages/com.unity.cinemachine/Editor/Samples/ExposeHDRPInternals/HDRP-Editor-ref.asmref has no target assembly definition
Begin MonoManager ReloadAssembly
Duplicate assembly 'System.Runtime.CompilerServices.Unsafe.dll' with different versions detected, using 'Packages/com.unity.collections/Unity.Collections.Tests/System.Runtime.CompilerServices.Unsafe/System.Runtime.CompilerServices.Unsafe.dll, AssemblyName=System.Runtime.CompilerServices.Unsafe, Version=6.0.0.0, Culture=neutral, PublicKeyToken=b03f5f7f11d50a3a' and ignoring 'Packages/com.unity.ai.assistant/Plugins/Markdig/Dependencies/System.Runtime.CompilerServices.Unsafe.dll, AssemblyName=System.Runtime.CompilerServices.Unsafe, Version=4.0.6.0, Culture=neutral, PublicKeyToken=b03f5f7f11d50a3a'.Symbol file LoadedFromMemory is not a mono symbol file
Symbol file LoadedFromMemory is not a mono symbol file
- Loaded All Assemblies, in  4.565 seconds
Assembly reference Packages/com.unity.cinemachine/Editor/Samples/ExposeHDRPInternals/HDRP-Editor-ref.asmref has no target assembly definition
'Packages/com.unity.cinemachine/Editor/Obsolete/CinemachineVirtualCameraBaseEditor.cs' contains partial class of Unity.Object, exactly 1 of the partial classes needs to be in a file with the same filename. This is to know the one that can be referenced from ie. GameObjects
'Packages/com.unity.cinemachine/Editor/Editors/CinemachineVirtualCameraBaseEditor.cs' contains partial class of Unity.Object, exactly 1 of the partial classes needs to be in a file with the same filename. This is to know the one that can be referenced from ie. GameObjects
Refreshing native plugins compatible for Editor in 11.75 ms, found 7 plugins.
Native extension for UWP target not found
Native extension for WindowsStandalone target not found
Native extension for WebGL target not found
Assembly reference Packages/com.unity.cinemachine/Editor/Samples/ExposeHDRPInternals/HDRP-Editor-ref.asmref has no target assembly definition
[Package Manager] Failed to launch server process. Reason: Unity was launched with the -noUpm command-line argument
[Package Manager] Unable to send message (not connected to server process).
[Package Manager] Cannot connect to Unity Package Manager local server
Mono: successfully reloaded assembly
- Finished resetting the current domain, in  3.907 seconds
Domain Reload Profiling: 8470ms
	BeginReloadAssembly (1034ms)
		ExecutionOrderSort (0ms)
		DisableScriptedObjects (25ms)
		BackupInstance (0ms)
		ReleaseScriptingObjects (1ms)
		CreateAndSetChildDomain (224ms)
	RebuildCommonClasses (181ms)
	RebuildNativeTypeToScriptingClass (44ms)
	initialDomainReloadingComplete (103ms)
	LoadAllAssembliesAndSetupDomain (3200ms)
		LoadAssemblies (2598ms)
		RebuildTransferFunctionScriptingTraits (0ms)
		AnalyzeDomain (1186ms)
			TypeCache.Refresh (41ms)
				TypeCache.ScanAssembly (2ms)
			BuildScriptInfoCaches (1100ms)
			ResolveRequiredComponents (33ms)
	FinalizeReload (3908ms)
		ReleaseScriptCaches (0ms)
		RebuildScriptCaches (0ms)
		SetupLoadedEditorAssemblies (3230ms)
			LogAssemblyErrors (0ms)
			InitializePlatformSupportModulesInManaged (6ms)
			SetLoadedEditorAssemblies (9ms)
			BeforeProcessingInitializeOnLoad (660ms)
			ProcessInitializeOnLoadAttributes (2036ms)
			ProcessInitializeOnLoadMethodAttributes (496ms)
			AfterProcessingInitializeOnLoad (22ms)
			EditorAssembliesLoaded (1ms)
		ExecutionOrderSort2 (0ms)
		AwakeInstancesAfterBackupRestoration (76ms)
Refreshing native plugins compatible for Editor in 18.88 ms, found 7 plugins.
Preloading 0 native plugins for Editor in 0.00 ms.
Unloading 67 Unused Serialized files (Serialized files now loaded: 0)
Unloading 8115 unused Assets / (19.2 MB). Loaded Objects now: 9003.
Memory consumption went from 192.1 MB to 172.9 MB.
Total: 69.075000 ms (FindLiveObjects: 2.075300 ms CreateObjectMapping: 9.835200 ms MarkObjects: 26.158200 ms  DeleteObjects: 31.003200 ms)

Prepare: number of updated asset objects reloaded= 0
========================================================================
Received Import Request.
  Time since last request: 656.704301 seconds.
  path: Assets/_3DStealthGame/Scripts/AIPatrol.cs
  artifactKey: Guid(05a507fb50180924db151c63d661edf8) Importer(2089858483,192608db42251d675da83286b1cce702)
Start importing Assets/_3DStealthGame/Scripts/AIPatrol.cs using Guid(05a507fb50180924db151c63d661edf8) Importer(2089858483,192608db42251d675da83286b1cce702) (ScriptedImporter) -> (artifact id: '71b3166a2e1ee9d3ef2e9df9a17d49cc') in 0.5853846 seconds
Number of updated asset objects reloaded before import = 0Number of asset objects unloaded after import = 0

========================================================================
Received Prepare
Assembly reference Packages/com.unity.cinemachine/Editor/Samples/ExposeHDRPInternals/HDRP-Editor-ref.asmref has no target assembly definition
Assembly reference Packages/com.unity.cinemachine/Editor/Samples/ExposeHDRPInternals/HDRP-Editor-ref.asmref has no target assembly definition
Begin MonoManager ReloadAssembly
Duplicate assembly 'System.Runtime.CompilerServices.Unsafe.dll' with different versions detected, using 'Packages/com.unity.collections/Unity.Collections.Tests/System.Runtime.CompilerServices.Unsafe/System.Runtime.CompilerServices.Unsafe.dll, AssemblyName=System.Runtime.CompilerServices.Unsafe, Version=6.0.0.0, Culture=neutral, PublicKeyToken=b03f5f7f11d50a3a' and ignoring 'Packages/com.unity.ai.assistant/Plugins/Markdig/Dependencies/System.Runtime.CompilerServices.Unsafe.dll, AssemblyName=System.Runtime.CompilerServices.Unsafe, Version=4.0.6.0, Culture=neutral, PublicKeyToken=b03f5f7f11d50a3a'.Symbol file LoadedFromMemory is not a mono symbol file
Symbol file LoadedFromMemory is not a mono symbol file
- Loaded All Assemblies, in  2.514 seconds
Assembly reference Packages/com.unity.cinemachine/Editor/Samples/ExposeHDRPInternals/HDRP-Editor-ref.asmref has no target assembly definition
'Packages/com.unity.cinemachine/Editor/Obsolete/CinemachineVirtualCameraBaseEditor.cs' contains partial class of Unity.Object, exactly 1 of the partial classes needs to be in a file with the same filename. This is to know the one that can be referenced from ie. GameObjects
'Packages/com.unity.cinemachine/Editor/Editors/CinemachineVirtualCameraBaseEditor.cs' contains partial class of Unity.Object, exactly 1 of the partial classes needs to be in a file with the same filename. This is to know the one that can be referenced from ie. GameObjects
Refreshing native plugins compatible for Editor in 7.54 ms, found 7 plugins.
Native extension for UWP target not found
Native extension for WindowsStandalone target not found
Native extension for WebGL target not found
Assembly reference Packages/com.unity.cinemachine/Editor/Samples/ExposeHDRPInternals/HDRP-Editor-ref.asmref has no target assembly definition
[Package Manager] Failed to launch server process. Reason: Unity was launched with the -noUpm command-line argument
[Package Manager] Unable to send message (not connected to server process).
[Package Manager] Cannot connect to Unity Package Manager local server
Mono: successfully reloaded assembly
- Finished resetting the current domain, in  5.193 seconds
Domain Reload Profiling: 7710ms
	BeginReloadAssembly (554ms)
		ExecutionOrderSort (0ms)
		DisableScriptedObjects (12ms)
		BackupInstance (0ms)
		ReleaseScriptingObjects (0ms)
		CreateAndSetChildDomain (157ms)
	RebuildCommonClasses (94ms)
	RebuildNativeTypeToScriptingClass (34ms)
	initialDomainReloadingComplete (75ms)
	LoadAllAssembliesAndSetupDomain (1759ms)
		LoadAssemblies (1057ms)
		RebuildTransferFunctionScriptingTraits (0ms)
		AnalyzeDomain (940ms)
			TypeCache.Refresh (16ms)
				TypeCache.ScanAssembly (0ms)
			BuildScriptInfoCaches (886ms)
			ResolveRequiredComponents (27ms)
	FinalizeReload (5195ms)
		ReleaseScriptCaches (0ms)
		RebuildScriptCaches (0ms)
		SetupLoadedEditorAssemblies (4695ms)
			LogAssemblyErrors (0ms)
			InitializePlatformSupportModulesInManaged (8ms)
			SetLoadedEditorAssemblies (10ms)
			BeforeProcessingInitializeOnLoad (928ms)
			ProcessInitializeOnLoadAttributes (2790ms)
			ProcessInitializeOnLoadMethodAttributes (939ms)
			AfterProcessingInitializeOnLoad (19ms)
			EditorAssembliesLoaded (1ms)
		ExecutionOrderSort2 (0ms)
		AwakeInstancesAfterBackupRestoration (85ms)
Refreshing native plugins compatible for Editor in 23.89 ms, found 7 plugins.
Preloading 0 native plugins for Editor in 0.00 ms.
Unloading 67 Unused Serialized files (Serialized files now loaded: 0)
Unloading 8115 unused Assets / (20.0 MB). Loaded Objects now: 9005.
Memory consumption went from 185.0 MB to 165.0 MB.
Total: 74.172200 ms (FindLiveObjects: 2.036200 ms CreateObjectMapping: 4.341100 ms MarkObjects: 41.821100 ms  DeleteObjects: 25.971400 ms)

Prepare: number of updated asset objects reloaded= 0
========================================================================
Received Import Request.
  Time since last request: 45.343505 seconds.
  path: Assets/_3DStealthGame/Scenes/Main.unity
  artifactKey: Guid(2fd2aeda3a6c2b64ca0187777af1b8c6) Importer(2089858483,192608db42251d675da83286b1cce702)
Start importing Assets/_3DStealthGame/Scenes/Main.unity using Guid(2fd2aeda3a6c2b64ca0187777af1b8c6) Importer(2089858483,192608db42251d675da83286b1cce702) (ScriptedImporter) -> (artifact id: '215b329b85deaf0b486b3cf51f29e058') in 0.6071889 seconds
Number of updated asset objects reloaded before import = 0Number of asset objects unloaded after import = 1

========================================================================
Received Prepare
Assembly reference Packages/com.unity.cinemachine/Editor/Samples/ExposeHDRPInternals/HDRP-Editor-ref.asmref has no target assembly definition
Assembly reference Packages/com.unity.cinemachine/Editor/Samples/ExposeHDRPInternals/HDRP-Editor-ref.asmref has no target assembly definition
Begin MonoManager ReloadAssembly
Duplicate assembly 'System.Runtime.CompilerServices.Unsafe.dll' with different versions detected, using 'Packages/com.unity.collections/Unity.Collections.Tests/System.Runtime.CompilerServices.Unsafe/System.Runtime.CompilerServices.Unsafe.dll, AssemblyName=System.Runtime.CompilerServices.Unsafe, Version=6.0.0.0, Culture=neutral, PublicKeyToken=b03f5f7f11d50a3a' and ignoring 'Packages/com.unity.ai.assistant/Plugins/Markdig/Dependencies/System.Runtime.CompilerServices.Unsafe.dll, AssemblyName=System.Runtime.CompilerServices.Unsafe, Version=4.0.6.0, Culture=neutral, PublicKeyToken=b03f5f7f11d50a3a'.Symbol file LoadedFromMemory is not a mono symbol file
Symbol file LoadedFromMemory is not a mono symbol file
- Loaded All Assemblies, in  2.898 seconds
Assembly reference Packages/com.unity.cinemachine/Editor/Samples/ExposeHDRPInternals/HDRP-Editor-ref.asmref has no target assembly definition
'Packages/com.unity.cinemachine/Editor/Obsolete/CinemachineVirtualCameraBaseEditor.cs' contains partial class of Unity.Object, exactly 1 of the partial classes needs to be in a file with the same filename. This is to know the one that can be referenced from ie. GameObjects
'Packages/com.unity.cinemachine/Editor/Editors/CinemachineVirtualCameraBaseEditor.cs' contains partial class of Unity.Object, exactly 1 of the partial classes needs to be in a file with the same filename. This is to know the one that can be referenced from ie. GameObjects
Refreshing native plugins compatible for Editor in 10.77 ms, found 7 plugins.
Native extension for UWP target not found
Native extension for WindowsStandalone target not found
Native extension for WebGL target not found
Assembly reference Packages/com.unity.cinemachine/Editor/Samples/ExposeHDRPInternals/HDRP-Editor-ref.asmref has no target assembly definition
[Package Manager] Failed to launch server process. Reason: Unity was launched with the -noUpm command-line argument
[Package Manager] Unable to send message (not connected to server process).
[Package Manager] Cannot connect to Unity Package Manager local server
Mono: successfully reloaded assembly
- Finished resetting the current domain, in  5.874 seconds
Domain Reload Profiling: 8776ms
	BeginReloadAssembly (813ms)
		ExecutionOrderSort (0ms)
		DisableScriptedObjects (17ms)
		BackupInstance (0ms)
		ReleaseScriptingObjects (1ms)
		CreateAndSetChildDomain (233ms)
	RebuildCommonClasses (129ms)
	RebuildNativeTypeToScriptingClass (50ms)
	initialDomainReloadingComplete (113ms)
	LoadAllAssembliesAndSetupDomain (1794ms)
		LoadAssemblies (1222ms)
		RebuildTransferFunctionScriptingTraits (0ms)
		AnalyzeDomain (974ms)
			TypeCache.Refresh (20ms)
				TypeCache.ScanAssembly (0ms)
			BuildScriptInfoCaches (915ms)
			ResolveRequiredComponents (27ms)
	FinalizeReload (5876ms)
		ReleaseScriptCaches (0ms)
		RebuildScriptCaches (0ms)
		SetupLoadedEditorAssemblies (5312ms)
			LogAssemblyErrors (0ms)
			InitializePlatformSupportModulesInManaged (29ms)
			SetLoadedEditorAssemblies (25ms)
			BeforeProcessingInitializeOnLoad (1461ms)
			ProcessInitializeOnLoadAttributes (2882ms)
			ProcessInitializeOnLoadMethodAttributes (883ms)
			AfterProcessingInitializeOnLoad (28ms)
			EditorAssembliesLoaded (3ms)
		ExecutionOrderSort2 (0ms)
		AwakeInstancesAfterBackupRestoration (92ms)
Refreshing native plugins compatible for Editor in 14.50 ms, found 7 plugins.
Preloading 0 native plugins for Editor in 0.00 ms.
Unloading 67 Unused Serialized files (Serialized files now loaded: 0)
Unloading 8115 unused Assets / (20.0 MB). Loaded Objects now: 9007.
Memory consumption went from 185.0 MB to 165.1 MB.
Total: 82.273300 ms (FindLiveObjects: 1.924700 ms CreateObjectMapping: 3.078600 ms MarkObjects: 25.217200 ms  DeleteObjects: 52.050500 ms)

Prepare: number of updated asset objects reloaded= 0
========================================================================
Received Import Request.
  Time since last request: 97.155905 seconds.
  path: Assets/_3DStealthGame/Scenes/Main.unity
  artifactKey: Guid(2fd2aeda3a6c2b64ca0187777af1b8c6) Importer(2089858483,192608db42251d675da83286b1cce702)
Start importing Assets/_3DStealthGame/Scenes/Main.unity using Guid(2fd2aeda3a6c2b64ca0187777af1b8c6) Importer(2089858483,192608db42251d675da83286b1cce702) (ScriptedImporter) -> (artifact id: '161a8d57255f37070534017452b378d3') in 0.5765206 seconds
Number of updated asset objects reloaded before import = 0Number of asset objects unloaded after import = 1

========================================================================
Received Prepare
Assembly reference Packages/com.unity.cinemachine/Editor/Samples/ExposeHDRPInternals/HDRP-Editor-ref.asmref has no target assembly definition
Assembly reference Packages/com.unity.cinemachine/Editor/Samples/ExposeHDRPInternals/HDRP-Editor-ref.asmref has no target assembly definition
Begin MonoManager ReloadAssembly
Duplicate assembly 'System.Runtime.CompilerServices.Unsafe.dll' with different versions detected, using 'Packages/com.unity.collections/Unity.Collections.Tests/System.Runtime.CompilerServices.Unsafe/System.Runtime.CompilerServices.Unsafe.dll, AssemblyName=System.Runtime.CompilerServices.Unsafe, Version=6.0.0.0, Culture=neutral, PublicKeyToken=b03f5f7f11d50a3a' and ignoring 'Packages/com.unity.ai.assistant/Plugins/Markdig/Dependencies/System.Runtime.CompilerServices.Unsafe.dll, AssemblyName=System.Runtime.CompilerServices.Unsafe, Version=4.0.6.0, Culture=neutral, PublicKeyToken=b03f5f7f11d50a3a'.Symbol file LoadedFromMemory is not a mono symbol file
Symbol file LoadedFromMemory is not a mono symbol file
- Loaded All Assemblies, in  3.201 seconds
Assembly reference Packages/com.unity.cinemachine/Editor/Samples/ExposeHDRPInternals/HDRP-Editor-ref.asmref has no target assembly definition
'Packages/com.unity.cinemachine/Editor/Obsolete/CinemachineVirtualCameraBaseEditor.cs' contains partial class of Unity.Object, exactly 1 of the partial classes needs to be in a file with the same filename. This is to know the one that can be referenced from ie. GameObjects
'Packages/com.unity.cinemachine/Editor/Editors/CinemachineVirtualCameraBaseEditor.cs' contains partial class of Unity.Object, exactly 1 of the partial classes needs to be in a file with the same filename. This is to know the one that can be referenced from ie. GameObjects
Refreshing native plugins compatible for Editor in 9.27 ms, found 7 plugins.
Native extension for UWP target not found
Native extension for WindowsStandalone target not found
Native extension for WebGL target not found
Assembly reference Packages/com.unity.cinemachine/Editor/Samples/ExposeHDRPInternals/HDRP-Editor-ref.asmref has no target assembly definition
[Package Manager] Failed to launch server process. Reason: Unity was launched with the -noUpm command-line argument
[Package Manager] Unable to send message (not connected to server process).
[Package Manager] Cannot connect to Unity Package Manager local server
Mono: successfully reloaded assembly
- Finished resetting the current domain, in  3.127 seconds
Domain Reload Profiling: 6323ms
	BeginReloadAssembly (789ms)
		ExecutionOrderSort (0ms)
		DisableScriptedObjects (17ms)
		BackupInstance (0ms)
		ReleaseScriptingObjects (0ms)
		CreateAndSetChildDomain (226ms)
	RebuildCommonClasses (111ms)
	RebuildNativeTypeToScriptingClass (55ms)
	initialDomainReloadingComplete (131ms)
	LoadAllAssembliesAndSetupDomain (2108ms)
		LoadAssemblies (1333ms)
		RebuildTransferFunctionScriptingTraits (0ms)
		AnalyzeDomain (1165ms)
			TypeCache.Refresh (31ms)
				TypeCache.ScanAssembly (1ms)
			BuildScriptInfoCaches (1089ms)
			ResolveRequiredComponents (33ms)
	FinalizeReload (3129ms)
		ReleaseScriptCaches (0ms)
		RebuildScriptCaches (0ms)
		SetupLoadedEditorAssemblies (2605ms)
			LogAssemblyErrors (0ms)
			InitializePlatformSupportModulesInManaged (8ms)
			SetLoadedEditorAssemblies (11ms)
			BeforeProcessingInitializeOnLoad (547ms)
			ProcessInitializeOnLoadAttributes (1574ms)
			ProcessInitializeOnLoadMethodAttributes (454ms)
			AfterProcessingInitializeOnLoad (10ms)
			EditorAssembliesLoaded (1ms)
		ExecutionOrderSort2 (0ms)
		AwakeInstancesAfterBackupRestoration (59ms)
Refreshing native plugins compatible for Editor in 8.77 ms, found 7 plugins.
Preloading 0 native plugins for Editor in 0.00 ms.
Unloading 67 Unused Serialized files (Serialized files now loaded: 0)
Unloading 8115 unused Assets / (21.7 MB). Loaded Objects now: 9009.
Memory consumption went from 185.1 MB to 163.4 MB.
Total: 133.503900 ms (FindLiveObjects: 1.562000 ms CreateObjectMapping: 2.375900 ms MarkObjects: 12.168700 ms  DeleteObjects: 117.394700 ms)

Prepare: number of updated asset objects reloaded= 0
========================================================================
Received Prepare
Assembly reference Packages/com.unity.cinemachine/Editor/Samples/ExposeHDRPInternals/HDRP-Editor-ref.asmref has no target assembly definition
Assembly reference Packages/com.unity.cinemachine/Editor/Samples/ExposeHDRPInternals/HDRP-Editor-ref.asmref has no target assembly definition
Begin MonoManager ReloadAssembly
Duplicate assembly 'System.Runtime.CompilerServices.Unsafe.dll' with different versions detected, using 'Packages/com.unity.collections/Unity.Collections.Tests/System.Runtime.CompilerServices.Unsafe/System.Runtime.CompilerServices.Unsafe.dll, AssemblyName=System.Runtime.CompilerServices.Unsafe, Version=6.0.0.0, Culture=neutral, PublicKeyToken=b03f5f7f11d50a3a' and ignoring 'Packages/com.unity.ai.assistant/Plugins/Markdig/Dependencies/System.Runtime.CompilerServices.Unsafe.dll, AssemblyName=System.Runtime.CompilerServices.Unsafe, Version=4.0.6.0, Culture=neutral, PublicKeyToken=b03f5f7f11d50a3a'.Symbol file LoadedFromMemory is not a mono symbol file
Symbol file LoadedFromMemory is not a mono symbol file
- Loaded All Assemblies, in  2.276 seconds
Assembly reference Packages/com.unity.cinemachine/Editor/Samples/ExposeHDRPInternals/HDRP-Editor-ref.asmref has no target assembly definition
'Packages/com.unity.cinemachine/Editor/Obsolete/CinemachineVirtualCameraBaseEditor.cs' contains partial class of Unity.Object, exactly 1 of the partial classes needs to be in a file with the same filename. This is to know the one that can be referenced from ie. GameObjects
'Packages/com.unity.cinemachine/Editor/Editors/CinemachineVirtualCameraBaseEditor.cs' contains partial class of Unity.Object, exactly 1 of the partial classes needs to be in a file with the same filename. This is to know the one that can be referenced from ie. GameObjects
Refreshing native plugins compatible for Editor in 7.26 ms, found 7 plugins.
Native extension for UWP target not found
Native extension for WindowsStandalone target not found
Native extension for WebGL target not found
Assembly reference Packages/com.unity.cinemachine/Editor/Samples/ExposeHDRPInternals/HDRP-Editor-ref.asmref has no target assembly definition
[Package Manager] Failed to launch server process. Reason: Unity was launched with the -noUpm command-line argument
[Package Manager] Unable to send message (not connected to server process).
[Package Manager] Cannot connect to Unity Package Manager local server
Mono: successfully reloaded assembly
- Finished resetting the current domain, in  4.801 seconds
Domain Reload Profiling: 7078ms
	BeginReloadAssembly (506ms)
		ExecutionOrderSort (0ms)
		DisableScriptedObjects (14ms)
		BackupInstance (0ms)
		ReleaseScriptingObjects (0ms)
		CreateAndSetChildDomain (151ms)
	RebuildCommonClasses (134ms)
	RebuildNativeTypeToScriptingClass (41ms)
	initialDomainReloadingComplete (90ms)
	LoadAllAssembliesAndSetupDomain (1504ms)
		LoadAssemblies (986ms)
		RebuildTransferFunctionScriptingTraits (0ms)
		AnalyzeDomain (743ms)
			TypeCache.Refresh (14ms)
				TypeCache.ScanAssembly (0ms)
			BuildScriptInfoCaches (683ms)
			ResolveRequiredComponents (35ms)
	FinalizeReload (4803ms)
		ReleaseScriptCaches (0ms)
		RebuildScriptCaches (0ms)
		SetupLoadedEditorAssemblies (4106ms)
			LogAssemblyErrors (0ms)
			InitializePlatformSupportModulesInManaged (5ms)
			SetLoadedEditorAssemblies (9ms)
			BeforeProcessingInitializeOnLoad (739ms)
			ProcessInitializeOnLoadAttributes (2528ms)
			ProcessInitializeOnLoadMethodAttributes (806ms)
			AfterProcessingInitializeOnLoad (18ms)
			EditorAssembliesLoaded (1ms)
		ExecutionOrderSort2 (0ms)
		AwakeInstancesAfterBackupRestoration (104ms)
Refreshing native plugins compatible for Editor in 6.28 ms, found 7 plugins.
Preloading 0 native plugins for Editor in 0.00 ms.
Unloading 67 Unused Serialized files (Serialized files now loaded: 0)
Unloading 8115 unused Assets / (16.8 MB). Loaded Objects now: 9011.
Memory consumption went from 188.7 MB to 171.9 MB.
Total: 46.565800 ms (FindLiveObjects: 1.630400 ms CreateObjectMapping: 2.950600 ms MarkObjects: 16.516400 ms  DeleteObjects: 25.466300 ms)

Prepare: number of updated asset objects reloaded= 0
========================================================================
Received Import Request.
  Time since last request: 69.230735 seconds.
  path: Assets/_3DStealthGame/Scripts/AIPatrol.cs
  artifactKey: Guid(05a507fb50180924db151c63d661edf8) Importer(2089858483,192608db42251d675da83286b1cce702)
Start importing Assets/_3DStealthGame/Scripts/AIPatrol.cs using Guid(05a507fb50180924db151c63d661edf8) Importer(2089858483,192608db42251d675da83286b1cce702) (ScriptedImporter) -> (artifact id: '882cd24d29f0c8324ad5077daf8d1c5b') in 0.664896 seconds
Number of updated asset objects reloaded before import = 0Number of asset objects unloaded after import = 0

========================================================================
Received Prepare
Assembly reference Packages/com.unity.cinemachine/Editor/Samples/ExposeHDRPInternals/HDRP-Editor-ref.asmref has no target assembly definition
Assembly reference Packages/com.unity.cinemachine/Editor/Samples/ExposeHDRPInternals/HDRP-Editor-ref.asmref has no target assembly definition
Begin MonoManager ReloadAssembly
Duplicate assembly 'System.Runtime.CompilerServices.Unsafe.dll' with different versions detected, using 'Packages/com.unity.collections/Unity.Collections.Tests/System.Runtime.CompilerServices.Unsafe/System.Runtime.CompilerServices.Unsafe.dll, AssemblyName=System.Runtime.CompilerServices.Unsafe, Version=6.0.0.0, Culture=neutral, PublicKeyToken=b03f5f7f11d50a3a' and ignoring 'Packages/com.unity.ai.assistant/Plugins/Markdig/Dependencies/System.Runtime.CompilerServices.Unsafe.dll, AssemblyName=System.Runtime.CompilerServices.Unsafe, Version=4.0.6.0, Culture=neutral, PublicKeyToken=b03f5f7f11d50a3a'.Symbol file LoadedFromMemory is not a mono symbol file
Symbol file LoadedFromMemory is not a mono symbol file
- Loaded All Assemblies, in  2.312 seconds
Assembly reference Packages/com.unity.cinemachine/Editor/Samples/ExposeHDRPInternals/HDRP-Editor-ref.asmref has no target assembly definition
'Packages/com.unity.cinemachine/Editor/Obsolete/CinemachineVirtualCameraBaseEditor.cs' contains partial class of Unity.Object, exactly 1 of the partial classes needs to be in a file with the same filename. This is to know the one that can be referenced from ie. GameObjects
'Packages/com.unity.cinemachine/Editor/Editors/CinemachineVirtualCameraBaseEditor.cs' contains partial class of Unity.Object, exactly 1 of the partial classes needs to be in a file with the same filename. This is to know the one that can be referenced from ie. GameObjects
Refreshing native plugins compatible for Editor in 11.07 ms, found 7 plugins.
Native extension for UWP target not found
Native extension for WindowsStandalone target not found
Native extension for WebGL target not found
Assembly reference Packages/com.unity.cinemachine/Editor/Samples/ExposeHDRPInternals/HDRP-Editor-ref.asmref has no target assembly definition
[Package Manager] Failed to launch server process. Reason: Unity was launched with the -noUpm command-line argument
[Package Manager] Unable to send message (not connected to server process).
[Package Manager] Cannot connect to Unity Package Manager local server
Mono: successfully reloaded assembly
- Finished resetting the current domain, in  4.375 seconds
Domain Reload Profiling: 6691ms
	BeginReloadAssembly (627ms)
		ExecutionOrderSort (0ms)
		DisableScriptedObjects (16ms)
		BackupInstance (0ms)
		ReleaseScriptingObjects (0ms)
		CreateAndSetChildDomain (182ms)
	RebuildCommonClasses (102ms)
	RebuildNativeTypeToScriptingClass (28ms)
	initialDomainReloadingComplete (71ms)
	LoadAllAssembliesAndSetupDomain (1486ms)
		LoadAssemblies (1045ms)
		RebuildTransferFunctionScriptingTraits (0ms)
		AnalyzeDomain (738ms)
			TypeCache.Refresh (14ms)
				TypeCache.ScanAssembly (0ms)
			BuildScriptInfoCaches (682ms)
			ResolveRequiredComponents (31ms)
	FinalizeReload (4376ms)
		ReleaseScriptCaches (0ms)
		RebuildScriptCaches (0ms)
		SetupLoadedEditorAssemblies (3871ms)
			LogAssemblyErrors (0ms)
			InitializePlatformSupportModulesInManaged (5ms)
			SetLoadedEditorAssemblies (11ms)
			BeforeProcessingInitializeOnLoad (728ms)
			ProcessInitializeOnLoadAttributes (2423ms)
			ProcessInitializeOnLoadMethodAttributes (686ms)
			AfterProcessingInitializeOnLoad (15ms)
			EditorAssembliesLoaded (2ms)
		ExecutionOrderSort2 (0ms)
		AwakeInstancesAfterBackupRestoration (78ms)
Refreshing native plugins compatible for Editor in 20.11 ms, found 7 plugins.
Preloading 0 native plugins for Editor in 0.00 ms.
Unloading 67 Unused Serialized files (Serialized files now loaded: 0)
Unloading 8115 unused Assets / (20.1 MB). Loaded Objects now: 9013.
Memory consumption went from 185.1 MB to 165.1 MB.
Total: 61.853600 ms (FindLiveObjects: 2.551200 ms CreateObjectMapping: 2.949600 ms MarkObjects: 24.418700 ms  DeleteObjects: 31.930000 ms)

Prepare: number of updated asset objects reloaded= 0
========================================================================
Received Prepare
Assembly reference Packages/com.unity.cinemachine/Editor/Samples/ExposeHDRPInternals/HDRP-Editor-ref.asmref has no target assembly definition
Assembly reference Packages/com.unity.cinemachine/Editor/Samples/ExposeHDRPInternals/HDRP-Editor-ref.asmref has no target assembly definition
Begin MonoManager ReloadAssembly
Duplicate assembly 'System.Runtime.CompilerServices.Unsafe.dll' with different versions detected, using 'Packages/com.unity.collections/Unity.Collections.Tests/System.Runtime.CompilerServices.Unsafe/System.Runtime.CompilerServices.Unsafe.dll, AssemblyName=System.Runtime.CompilerServices.Unsafe, Version=6.0.0.0, Culture=neutral, PublicKeyToken=b03f5f7f11d50a3a' and ignoring 'Packages/com.unity.ai.assistant/Plugins/Markdig/Dependencies/System.Runtime.CompilerServices.Unsafe.dll, AssemblyName=System.Runtime.CompilerServices.Unsafe, Version=4.0.6.0, Culture=neutral, PublicKeyToken=b03f5f7f11d50a3a'.Symbol file LoadedFromMemory is not a mono symbol file
Symbol file LoadedFromMemory is not a mono symbol file
- Loaded All Assemblies, in  2.452 seconds
Assembly reference Packages/com.unity.cinemachine/Editor/Samples/ExposeHDRPInternals/HDRP-Editor-ref.asmref has no target assembly definition
'Packages/com.unity.cinemachine/Editor/Obsolete/CinemachineVirtualCameraBaseEditor.cs' contains partial class of Unity.Object, exactly 1 of the partial classes needs to be in a file with the same filename. This is to know the one that can be referenced from ie. GameObjects
'Packages/com.unity.cinemachine/Editor/Editors/CinemachineVirtualCameraBaseEditor.cs' contains partial class of Unity.Object, exactly 1 of the partial classes needs to be in a file with the same filename. This is to know the one that can be referenced from ie. GameObjects
Refreshing native plugins compatible for Editor in 7.50 ms, found 7 plugins.
Native extension for UWP target not found
Native extension for WindowsStandalone target not found
Native extension for WebGL target not found
Assembly reference Packages/com.unity.cinemachine/Editor/Samples/ExposeHDRPInternals/HDRP-Editor-ref.asmref has no target assembly definition
[Package Manager] Failed to launch server process. Reason: Unity was launched with the -noUpm command-line argument
[Package Manager] Unable to send message (not connected to server process).
[Package Manager] Cannot connect to Unity Package Manager local server
Mono: successfully reloaded assembly
- Finished resetting the current domain, in  4.495 seconds
Domain Reload Profiling: 6948ms
	BeginReloadAssembly (665ms)
		ExecutionOrderSort (0ms)
		DisableScriptedObjects (24ms)
		BackupInstance (0ms)
		ReleaseScriptingObjects (0ms)
		CreateAndSetChildDomain (157ms)
	RebuildCommonClasses (115ms)
	RebuildNativeTypeToScriptingClass (32ms)
	initialDomainReloadingComplete (77ms)
	LoadAllAssembliesAndSetupDomain (1563ms)
		LoadAssemblies (1062ms)
		RebuildTransferFunctionScriptingTraits (0ms)
		AnalyzeDomain (803ms)
			TypeCache.Refresh (13ms)
				TypeCache.ScanAssembly (0ms)
			BuildScriptInfoCaches (738ms)
			ResolveRequiredComponents (37ms)
	FinalizeReload (4496ms)
		ReleaseScriptCaches (0ms)
		RebuildScriptCaches (0ms)
		SetupLoadedEditorAssemblies (4030ms)
			LogAssemblyErrors (0ms)
			InitializePlatformSupportModulesInManaged (7ms)
			SetLoadedEditorAssemblies (7ms)
			BeforeProcessingInitializeOnLoad (615ms)
			ProcessInitializeOnLoadAttributes (2588ms)
			ProcessInitializeOnLoadMethodAttributes (799ms)
			AfterProcessingInitializeOnLoad (12ms)
			EditorAssembliesLoaded (1ms)
		ExecutionOrderSort2 (0ms)
		AwakeInstancesAfterBackupRestoration (62ms)
Refreshing native plugins compatible for Editor in 7.12 ms, found 7 plugins.
Preloading 0 native plugins for Editor in 0.00 ms.
Unloading 67 Unused Serialized files (Serialized files now loaded: 0)
Unloading 8115 unused Assets / (20.5 MB). Loaded Objects now: 9015.
Memory consumption went from 188.7 MB to 168.2 MB.
Total: 30.501700 ms (FindLiveObjects: 1.790300 ms CreateObjectMapping: 2.468700 ms MarkObjects: 11.810000 ms  DeleteObjects: 14.430900 ms)

Prepare: number of updated asset objects reloaded= 0
========================================================================
Received Prepare
Assembly reference Packages/com.unity.cinemachine/Editor/Samples/ExposeHDRPInternals/HDRP-Editor-ref.asmref has no target assembly definition
Assembly reference Packages/com.unity.cinemachine/Editor/Samples/ExposeHDRPInternals/HDRP-Editor-ref.asmref has no target assembly definition
Begin MonoManager ReloadAssembly
Duplicate assembly 'System.Runtime.CompilerServices.Unsafe.dll' with different versions detected, using 'Packages/com.unity.collections/Unity.Collections.Tests/System.Runtime.CompilerServices.Unsafe/System.Runtime.CompilerServices.Unsafe.dll, AssemblyName=System.Runtime.CompilerServices.Unsafe, Version=6.0.0.0, Culture=neutral, PublicKeyToken=b03f5f7f11d50a3a' and ignoring 'Packages/com.unity.ai.assistant/Plugins/Markdig/Dependencies/System.Runtime.CompilerServices.Unsafe.dll, AssemblyName=System.Runtime.CompilerServices.Unsafe, Version=4.0.6.0, Culture=neutral, PublicKeyToken=b03f5f7f11d50a3a'.Symbol file LoadedFromMemory is not a mono symbol file
Symbol file LoadedFromMemory is not a mono symbol file
- Loaded All Assemblies, in  2.236 seconds
Assembly reference Packages/com.unity.cinemachine/Editor/Samples/ExposeHDRPInternals/HDRP-Editor-ref.asmref has no target assembly definition
'Packages/com.unity.cinemachine/Editor/Obsolete/CinemachineVirtualCameraBaseEditor.cs' contains partial class of Unity.Object, exactly 1 of the partial classes needs to be in a file with the same filename. This is to know the one that can be referenced from ie. GameObjects
'Packages/com.unity.cinemachine/Editor/Editors/CinemachineVirtualCameraBaseEditor.cs' contains partial class of Unity.Object, exactly 1 of the partial classes needs to be in a file with the same filename. This is to know the one that can be referenced from ie. GameObjects
Refreshing native plugins compatible for Editor in 8.16 ms, found 7 plugins.
Native extension for UWP target not found
Native extension for WindowsStandalone target not found
Native extension for WebGL target not found
Assembly reference Packages/com.unity.cinemachine/Editor/Samples/ExposeHDRPInternals/HDRP-Editor-ref.asmref has no target assembly definition
[Package Manager] Failed to launch server process. Reason: Unity was launched with the -noUpm command-line argument
[Package Manager] Unable to send message (not connected to server process).
[Package Manager] Cannot connect to Unity Package Manager local server
Mono: successfully reloaded assembly
- Finished resetting the current domain, in  4.427 seconds
Domain Reload Profiling: 6666ms
	BeginReloadAssembly (488ms)
		ExecutionOrderSort (0ms)
		DisableScriptedObjects (13ms)
		BackupInstance (0ms)
		ReleaseScriptingObjects (0ms)
		CreateAndSetChildDomain (150ms)
	RebuildCommonClasses (98ms)
	RebuildNativeTypeToScriptingClass (33ms)
	initialDomainReloadingComplete (72ms)
	LoadAllAssembliesAndSetupDomain (1548ms)
		LoadAssemblies (928ms)
		RebuildTransferFunctionScriptingTraits (0ms)
		AnalyzeDomain (832ms)
			TypeCache.Refresh (23ms)
				TypeCache.ScanAssembly (0ms)
			BuildScriptInfoCaches (767ms)
			ResolveRequiredComponents (29ms)
	FinalizeReload (4428ms)
		ReleaseScriptCaches (0ms)
		RebuildScriptCaches (0ms)
		SetupLoadedEditorAssemblies (3981ms)
			LogAssemblyErrors (0ms)
			InitializePlatformSupportModulesInManaged (6ms)
			SetLoadedEditorAssemblies (11ms)
			BeforeProcessingInitializeOnLoad (971ms)
			ProcessInitializeOnLoadAttributes (2406ms)
			ProcessInitializeOnLoadMethodAttributes (578ms)
			AfterProcessingInitializeOnLoad (8ms)
			EditorAssembliesLoaded (1ms)
		ExecutionOrderSort2 (0ms)
		AwakeInstancesAfterBackupRestoration (41ms)
Refreshing native plugins compatible for Editor in 8.96 ms, found 7 plugins.
Preloading 0 native plugins for Editor in 0.00 ms.
Unloading 67 Unused Serialized files (Serialized files now loaded: 0)
Unloading 8115 unused Assets / (20.2 MB). Loaded Objects now: 9017.
Memory consumption went from 192.3 MB to 172.2 MB.
Total: 29.817600 ms (FindLiveObjects: 1.526700 ms CreateObjectMapping: 2.562700 ms MarkObjects: 12.807200 ms  DeleteObjects: 12.918700 ms)

Prepare: number of updated asset objects reloaded= 0
========================================================================
Received Prepare
'Packages/com.unity.cinemachine/Editor/Obsolete/CinemachineVirtualCameraBaseEditor.cs' contains partial class of Unity.Object, exactly 1 of the partial classes needs to be in a file with the same filename. This is to know the one that can be referenced from ie. GameObjects
'Packages/com.unity.cinemachine/Editor/Editors/CinemachineVirtualCameraBaseEditor.cs' contains partial class of Unity.Object, exactly 1 of the partial classes needs to be in a file with the same filename. This is to know the one that can be referenced from ie. GameObjects
Refreshing native plugins compatible for Editor in 11.01 ms, found 7 plugins.
Preloading 0 native plugins for Editor in 0.00 ms.
Unloading 67 Unused Serialized files (Serialized files now loaded: 0)
Unloading 8096 unused Assets / (19.8 MB). Loaded Objects now: 9017.
Memory consumption went from 181.8 MB to 162.0 MB.
Total: 30.453500 ms (FindLiveObjects: 1.472400 ms CreateObjectMapping: 2.456700 ms MarkObjects: 13.271700 ms  DeleteObjects: 13.249900 ms)

Prepare: number of updated asset objects reloaded= 0
========================================================================
Received Import Request.
  Time since last request: 699.549951 seconds.
  path: Assets/_3DStealthGame/Scripts/AIPatrol.cs
  artifactKey: Guid(05a507fb50180924db151c63d661edf8) Importer(2089858483,192608db42251d675da83286b1cce702)
Start importing Assets/_3DStealthGame/Scripts/AIPatrol.cs using Guid(05a507fb50180924db151c63d661edf8) Importer(2089858483,192608db42251d675da83286b1cce702) (ScriptedImporter) -> (artifact id: 'b8ed002392068bf3bdfa3c226efc9813') in 0.4672545 seconds
Number of updated asset objects reloaded before import = 0Number of asset objects unloaded after import = 0

========================================================================
Received Prepare
Assembly reference Packages/com.unity.cinemachine/Editor/Samples/ExposeHDRPInternals/HDRP-Editor-ref.asmref has no target assembly definition
Assembly reference Packages/com.unity.cinemachine/Editor/Samples/ExposeHDRPInternals/HDRP-Editor-ref.asmref has no target assembly definition
Begin MonoManager ReloadAssembly
Duplicate assembly 'System.Runtime.CompilerServices.Unsafe.dll' with different versions detected, using 'Packages/com.unity.collections/Unity.Collections.Tests/System.Runtime.CompilerServices.Unsafe/System.Runtime.CompilerServices.Unsafe.dll, AssemblyName=System.Runtime.CompilerServices.Unsafe, Version=6.0.0.0, Culture=neutral, PublicKeyToken=b03f5f7f11d50a3a' and ignoring 'Packages/com.unity.ai.assistant/Plugins/Markdig/Dependencies/System.Runtime.CompilerServices.Unsafe.dll, AssemblyName=System.Runtime.CompilerServices.Unsafe, Version=4.0.6.0, Culture=neutral, PublicKeyToken=b03f5f7f11d50a3a'.Symbol file LoadedFromMemory is not a mono symbol file
Symbol file LoadedFromMemory is not a mono symbol file
- Loaded All Assemblies, in  2.759 seconds
Assembly reference Packages/com.unity.cinemachine/Editor/Samples/ExposeHDRPInternals/HDRP-Editor-ref.asmref has no target assembly definition
'Packages/com.unity.cinemachine/Editor/Obsolete/CinemachineVirtualCameraBaseEditor.cs' contains partial class of Unity.Object, exactly 1 of the partial classes needs to be in a file with the same filename. This is to know the one that can be referenced from ie. GameObjects
'Packages/com.unity.cinemachine/Editor/Editors/CinemachineVirtualCameraBaseEditor.cs' contains partial class of Unity.Object, exactly 1 of the partial classes needs to be in a file with the same filename. This is to know the one that can be referenced from ie. GameObjects
Refreshing native plugins compatible for Editor in 7.77 ms, found 7 plugins.
Native extension for UWP target not found
Native extension for WindowsStandalone target not found
Native extension for WebGL target not found
Assembly reference Packages/com.unity.cinemachine/Editor/Samples/ExposeHDRPInternals/HDRP-Editor-ref.asmref has no target assembly definition
[Package Manager] Failed to launch server process. Reason: Unity was launched with the -noUpm command-line argument
[Package Manager] Unable to send message (not connected to server process).
[Package Manager] Cannot connect to Unity Package Manager local server
Mono: successfully reloaded assembly
- Finished resetting the current domain, in  2.793 seconds
Domain Reload Profiling: 5456ms
	BeginReloadAssembly (618ms)
		ExecutionOrderSort (0ms)
		DisableScriptedObjects (15ms)
		BackupInstance (0ms)
		ReleaseScriptingObjects (0ms)
		CreateAndSetChildDomain (184ms)
	RebuildCommonClasses (113ms)
	RebuildNativeTypeToScriptingClass (40ms)
	initialDomainReloadingComplete (179ms)
	LoadAllAssembliesAndSetupDomain (1711ms)
		LoadAssemblies (1223ms)
		RebuildTransferFunctionScriptingTraits (0ms)
		AnalyzeDomain (759ms)
			TypeCache.Refresh (19ms)
				TypeCache.ScanAssembly (1ms)
			BuildScriptInfoCaches (700ms)
			ResolveRequiredComponents (29ms)
	FinalizeReload (2793ms)
		ReleaseScriptCaches (0ms)
		RebuildScriptCaches (0ms)
		SetupLoadedEditorAssemblies (2300ms)
			LogAssemblyErrors (0ms)
			InitializePlatformSupportModulesInManaged (6ms)
			SetLoadedEditorAssemblies (9ms)
			BeforeProcessingInitializeOnLoad (576ms)
			ProcessInitializeOnLoadAttributes (1318ms)
			ProcessInitializeOnLoadMethodAttributes (382ms)
			AfterProcessingInitializeOnLoad (8ms)
			EditorAssembliesLoaded (1ms)
		ExecutionOrderSort2 (0ms)
		AwakeInstancesAfterBackupRestoration (44ms)
Refreshing native plugins compatible for Editor in 8.48 ms, found 7 plugins.
Preloading 0 native plugins for Editor in 0.00 ms.
Unloading 67 Unused Serialized files (Serialized files now loaded: 0)
Unloading 8115 unused Assets / (21.0 MB). Loaded Objects now: 9019.
Memory consumption went from 185.3 MB to 164.3 MB.
Total: 33.093100 ms (FindLiveObjects: 1.564300 ms CreateObjectMapping: 2.325200 ms MarkObjects: 13.798700 ms  DeleteObjects: 15.402600 ms)

Prepare: number of updated asset objects reloaded= 0
========================================================================
Received Import Request.
  Time since last request: 72.448751 seconds.
  path: Assets/_3DStealthGame/Scripts/AIPatrol.cs
  artifactKey: Guid(05a507fb50180924db151c63d661edf8) Importer(2089858483,192608db42251d675da83286b1cce702)
Start importing Assets/_3DStealthGame/Scripts/AIPatrol.cs using Guid(05a507fb50180924db151c63d661edf8) Importer(2089858483,192608db42251d675da83286b1cce702) (ScriptedImporter) -> (artifact id: 'a85d7e46d31f3e9d986402945aaaaf76') in 0.6584786 seconds
Number of updated asset objects reloaded before import = 0Number of asset objects unloaded after import = 0

========================================================================
Received Import Request.
  Time since last request: 25.449546 seconds.
  path: Assets/_3DStealthGame/Scenes/Main.unity
  artifactKey: Guid(2fd2aeda3a6c2b64ca0187777af1b8c6) Importer(2089858483,192608db42251d675da83286b1cce702)
Start importing Assets/_3DStealthGame/Scenes/Main.unity using Guid(2fd2aeda3a6c2b64ca0187777af1b8c6) Importer(2089858483,192608db42251d675da83286b1cce702) (ScriptedImporter) -> (artifact id: 'a76e9189bb1110bc3e3989d4941d7784') in 0.0447472 seconds
Number of updated asset objects reloaded before import = 0Number of asset objects unloaded after import = 1

========================================================================
Received Prepare
Assembly reference Packages/com.unity.cinemachine/Editor/Samples/ExposeHDRPInternals/HDRP-Editor-ref.asmref has no target assembly definition
Assembly reference Packages/com.unity.cinemachine/Editor/Samples/ExposeHDRPInternals/HDRP-Editor-ref.asmref has no target assembly definition
Begin MonoManager ReloadAssembly
Duplicate assembly 'System.Runtime.CompilerServices.Unsafe.dll' with different versions detected, using 'Packages/com.unity.collections/Unity.Collections.Tests/System.Runtime.CompilerServices.Unsafe/System.Runtime.CompilerServices.Unsafe.dll, AssemblyName=System.Runtime.CompilerServices.Unsafe, Version=6.0.0.0, Culture=neutral, PublicKeyToken=b03f5f7f11d50a3a' and ignoring 'Packages/com.unity.ai.assistant/Plugins/Markdig/Dependencies/System.Runtime.CompilerServices.Unsafe.dll, AssemblyName=System.Runtime.CompilerServices.Unsafe, Version=4.0.6.0, Culture=neutral, PublicKeyToken=b03f5f7f11d50a3a'.Symbol file LoadedFromMemory is not a mono symbol file
Symbol file LoadedFromMemory is not a mono symbol file
- Loaded All Assemblies, in  2.471 seconds
Assembly reference Packages/com.unity.cinemachine/Editor/Samples/ExposeHDRPInternals/HDRP-Editor-ref.asmref has no target assembly definition
'Packages/com.unity.cinemachine/Editor/Obsolete/CinemachineVirtualCameraBaseEditor.cs' contains partial class of Unity.Object, exactly 1 of the partial classes needs to be in a file with the same filename. This is to know the one that can be referenced from ie. GameObjects
'Packages/com.unity.cinemachine/Editor/Editors/CinemachineVirtualCameraBaseEditor.cs' contains partial class of Unity.Object, exactly 1 of the partial classes needs to be in a file with the same filename. This is to know the one that can be referenced from ie. GameObjects
Refreshing native plugins compatible for Editor in 8.49 ms, found 7 plugins.
Native extension for UWP target not found
Native extension for WindowsStandalone target not found
Native extension for WebGL target not found
Assembly reference Packages/com.unity.cinemachine/Editor/Samples/ExposeHDRPInternals/HDRP-Editor-ref.asmref has no target assembly definition
[Package Manager] Failed to launch server process. Reason: Unity was launched with the -noUpm command-line argument
[Package Manager] Unable to send message (not connected to server process).
[Package Manager] Cannot connect to Unity Package Manager local server
Mono: successfully reloaded assembly
- Finished resetting the current domain, in  4.236 seconds
Domain Reload Profiling: 6709ms
	BeginReloadAssembly (702ms)
		ExecutionOrderSort (0ms)
		DisableScriptedObjects (13ms)
		BackupInstance (0ms)
		ReleaseScriptingObjects (0ms)
		CreateAndSetChildDomain (324ms)
	RebuildCommonClasses (98ms)
	RebuildNativeTypeToScriptingClass (37ms)
	initialDomainReloadingComplete (73ms)
	LoadAllAssembliesAndSetupDomain (1561ms)
		LoadAssemblies (1028ms)
		RebuildTransferFunctionScriptingTraits (0ms)
		AnalyzeDomain (791ms)
			TypeCache.Refresh (15ms)
				TypeCache.ScanAssembly (0ms)
			BuildScriptInfoCaches (738ms)
			ResolveRequiredComponents (28ms)
	FinalizeReload (4238ms)
		ReleaseScriptCaches (0ms)
		RebuildScriptCaches (0ms)
		SetupLoadedEditorAssemblies (3703ms)
			LogAssemblyErrors (0ms)
			InitializePlatformSupportModulesInManaged (7ms)
			SetLoadedEditorAssemblies (12ms)
			BeforeProcessingInitializeOnLoad (738ms)
			ProcessInitializeOnLoadAttributes (2211ms)
			ProcessInitializeOnLoadMethodAttributes (724ms)
			AfterProcessingInitializeOnLoad (11ms)
			EditorAssembliesLoaded (1ms)
		ExecutionOrderSort2 (0ms)
		AwakeInstancesAfterBackupRestoration (57ms)
Refreshing native plugins compatible for Editor in 16.77 ms, found 7 plugins.
Preloading 0 native plugins for Editor in 0.00 ms.
Unloading 67 Unused Serialized files (Serialized files now loaded: 0)
Unloading 8115 unused Assets / (21.2 MB). Loaded Objects now: 9021.
Memory consumption went from 185.3 MB to 164.1 MB.
Total: 63.230000 ms (FindLiveObjects: 2.859400 ms CreateObjectMapping: 3.297000 ms MarkObjects: 25.318800 ms  DeleteObjects: 31.752000 ms)

Prepare: number of updated asset objects reloaded= 0
========================================================================
Received Prepare
Assembly reference Packages/com.unity.cinemachine/Editor/Samples/ExposeHDRPInternals/HDRP-Editor-ref.asmref has no target assembly definition
Assembly reference Packages/com.unity.cinemachine/Editor/Samples/ExposeHDRPInternals/HDRP-Editor-ref.asmref has no target assembly definition
Begin MonoManager ReloadAssembly
Duplicate assembly 'System.Runtime.CompilerServices.Unsafe.dll' with different versions detected, using 'Packages/com.unity.collections/Unity.Collections.Tests/System.Runtime.CompilerServices.Unsafe/System.Runtime.CompilerServices.Unsafe.dll, AssemblyName=System.Runtime.CompilerServices.Unsafe, Version=6.0.0.0, Culture=neutral, PublicKeyToken=b03f5f7f11d50a3a' and ignoring 'Packages/com.unity.ai.assistant/Plugins/Markdig/Dependencies/System.Runtime.CompilerServices.Unsafe.dll, AssemblyName=System.Runtime.CompilerServices.Unsafe, Version=4.0.6.0, Culture=neutral, PublicKeyToken=b03f5f7f11d50a3a'.Symbol file LoadedFromMemory is not a mono symbol file
Symbol file LoadedFromMemory is not a mono symbol file
- Loaded All Assemblies, in  2.534 seconds
Assembly reference Packages/com.unity.cinemachine/Editor/Samples/ExposeHDRPInternals/HDRP-Editor-ref.asmref has no target assembly definition
'Packages/com.unity.cinemachine/Editor/Obsolete/CinemachineVirtualCameraBaseEditor.cs' contains partial class of Unity.Object, exactly 1 of the partial classes needs to be in a file with the same filename. This is to know the one that can be referenced from ie. GameObjects
'Packages/com.unity.cinemachine/Editor/Editors/CinemachineVirtualCameraBaseEditor.cs' contains partial class of Unity.Object, exactly 1 of the partial classes needs to be in a file with the same filename. This is to know the one that can be referenced from ie. GameObjects
Refreshing native plugins compatible for Editor in 10.61 ms, found 7 plugins.
Native extension for UWP target not found
Native extension for WindowsStandalone target not found
Native extension for WebGL target not found
Assembly reference Packages/com.unity.cinemachine/Editor/Samples/ExposeHDRPInternals/HDRP-Editor-ref.asmref has no target assembly definition
[Package Manager] Failed to launch server process. Reason: Unity was launched with the -noUpm command-line argument
[Package Manager] Unable to send message (not connected to server process).
[Package Manager] Cannot connect to Unity Package Manager local server
Mono: successfully reloaded assembly
- Finished resetting the current domain, in  5.367 seconds
Domain Reload Profiling: 7904ms
	BeginReloadAssembly (543ms)
		ExecutionOrderSort (0ms)
		DisableScriptedObjects (14ms)
		BackupInstance (0ms)
		ReleaseScriptingObjects (0ms)
		CreateAndSetChildDomain (166ms)
	RebuildCommonClasses (94ms)
	RebuildNativeTypeToScriptingClass (32ms)
	initialDomainReloadingComplete (73ms)
	LoadAllAssembliesAndSetupDomain (1793ms)
		LoadAssemblies (1136ms)
		RebuildTransferFunctionScriptingTraits (0ms)
		AnalyzeDomain (901ms)
			TypeCache.Refresh (18ms)
				TypeCache.ScanAssembly (0ms)
			BuildScriptInfoCaches (845ms)
			ResolveRequiredComponents (28ms)
	FinalizeReload (5368ms)
		ReleaseScriptCaches (0ms)
		RebuildScriptCaches (0ms)
		SetupLoadedEditorAssemblies (4434ms)
			LogAssemblyErrors (0ms)
			InitializePlatformSupportModulesInManaged (6ms)
			SetLoadedEditorAssemblies (10ms)
			BeforeProcessingInitializeOnLoad (738ms)
			ProcessInitializeOnLoadAttributes (2861ms)
			ProcessInitializeOnLoadMethodAttributes (804ms)
			AfterProcessingInitializeOnLoad (14ms)
			EditorAssembliesLoaded (1ms)
		ExecutionOrderSort2 (0ms)
		AwakeInstancesAfterBackupRestoration (168ms)
Refreshing native plugins compatible for Editor in 18.50 ms, found 7 plugins.
Preloading 0 native plugins for Editor in 0.00 ms.
Unloading 67 Unused Serialized files (Serialized files now loaded: 0)
Unloading 8115 unused Assets / (19.2 MB). Loaded Objects now: 9023.
Memory consumption went from 188.9 MB to 169.8 MB.
Total: 46.196400 ms (FindLiveObjects: 2.152900 ms CreateObjectMapping: 2.736600 ms MarkObjects: 19.417400 ms  DeleteObjects: 21.886800 ms)

Prepare: number of updated asset objects reloaded= 0
========================================================================
Received Prepare
Assembly reference Packages/com.unity.cinemachine/Editor/Samples/ExposeHDRPInternals/HDRP-Editor-ref.asmref has no target assembly definition
Assembly reference Packages/com.unity.cinemachine/Editor/Samples/ExposeHDRPInternals/HDRP-Editor-ref.asmref has no target assembly definition
Begin MonoManager ReloadAssembly
Duplicate assembly 'System.Runtime.CompilerServices.Unsafe.dll' with different versions detected, using 'Packages/com.unity.collections/Unity.Collections.Tests/System.Runtime.CompilerServices.Unsafe/System.Runtime.CompilerServices.Unsafe.dll, AssemblyName=System.Runtime.CompilerServices.Unsafe, Version=6.0.0.0, Culture=neutral, PublicKeyToken=b03f5f7f11d50a3a' and ignoring 'Packages/com.unity.ai.assistant/Plugins/Markdig/Dependencies/System.Runtime.CompilerServices.Unsafe.dll, AssemblyName=System.Runtime.CompilerServices.Unsafe, Version=4.0.6.0, Culture=neutral, PublicKeyToken=b03f5f7f11d50a3a'.Symbol file LoadedFromMemory is not a mono symbol file
Symbol file LoadedFromMemory is not a mono symbol file
- Loaded All Assemblies, in  3.212 seconds
Assembly reference Packages/com.unity.cinemachine/Editor/Samples/ExposeHDRPInternals/HDRP-Editor-ref.asmref has no target assembly definition
'Packages/com.unity.cinemachine/Editor/Obsolete/CinemachineVirtualCameraBaseEditor.cs' contains partial class of Unity.Object, exactly 1 of the partial classes needs to be in a file with the same filename. This is to know the one that can be referenced from ie. GameObjects
'Packages/com.unity.cinemachine/Editor/Editors/CinemachineVirtualCameraBaseEditor.cs' contains partial class of Unity.Object, exactly 1 of the partial classes needs to be in a file with the same filename. This is to know the one that can be referenced from ie. GameObjects
Refreshing native plugins compatible for Editor in 14.09 ms, found 7 plugins.
Native extension for UWP target not found
Native extension for WindowsStandalone target not found
Native extension for WebGL target not found
Assembly reference Packages/com.unity.cinemachine/Editor/Samples/ExposeHDRPInternals/HDRP-Editor-ref.asmref has no target assembly definition
[Package Manager] Failed to launch server process. Reason: Unity was launched with the -noUpm command-line argument
[Package Manager] Unable to send message (not connected to server process).
[Package Manager] Cannot connect to Unity Package Manager local server
Mono: successfully reloaded assembly
- Finished resetting the current domain, in  4.459 seconds
Domain Reload Profiling: 7667ms
	BeginReloadAssembly (757ms)
		ExecutionOrderSort (0ms)
		DisableScriptedObjects (18ms)
		BackupInstance (0ms)
		ReleaseScriptingObjects (0ms)
		CreateAndSetChildDomain (149ms)
	RebuildCommonClasses (172ms)
	RebuildNativeTypeToScriptingClass (52ms)
	initialDomainReloadingComplete (108ms)
	LoadAllAssembliesAndSetupDomain (2120ms)
		LoadAssemblies (1589ms)
		RebuildTransferFunctionScriptingTraits (0ms)
		AnalyzeDomain (958ms)
			TypeCache.Refresh (26ms)
				TypeCache.ScanAssembly (1ms)
			BuildScriptInfoCaches (889ms)
			ResolveRequiredComponents (31ms)
	FinalizeReload (4460ms)
		ReleaseScriptCaches (0ms)
		RebuildScriptCaches (0ms)
		SetupLoadedEditorAssemblies (3859ms)
			LogAssemblyErrors (0ms)
			InitializePlatformSupportModulesInManaged (6ms)
			SetLoadedEditorAssemblies (18ms)
			BeforeProcessingInitializeOnLoad (717ms)
			ProcessInitializeOnLoadAttributes (2276ms)
			ProcessInitializeOnLoadMethodAttributes (823ms)
			AfterProcessingInitializeOnLoad (17ms)
			EditorAssembliesLoaded (1ms)
		ExecutionOrderSort2 (0ms)
		AwakeInstancesAfterBackupRestoration (62ms)
Refreshing native plugins compatible for Editor in 9.32 ms, found 7 plugins.
Preloading 0 native plugins for Editor in 0.00 ms.
Unloading 67 Unused Serialized files (Serialized files now loaded: 0)
Unloading 8115 unused Assets / (19.7 MB). Loaded Objects now: 9025.
Memory consumption went from 192.5 MB to 172.9 MB.
Total: 30.469000 ms (FindLiveObjects: 1.976100 ms CreateObjectMapping: 2.455100 ms MarkObjects: 13.145200 ms  DeleteObjects: 12.890700 ms)

Prepare: number of updated asset objects reloaded= 0
========================================================================
Received Import Request.
  Time since last request: 153.914184 seconds.
  path: Assets/_3DStealthGame/Scripts/AIPatrol.cs
  artifactKey: Guid(05a507fb50180924db151c63d661edf8) Importer(2089858483,192608db42251d675da83286b1cce702)
Start importing Assets/_3DStealthGame/Scripts/AIPatrol.cs using Guid(05a507fb50180924db151c63d661edf8) Importer(2089858483,192608db42251d675da83286b1cce702) (ScriptedImporter) -> (artifact id: '4aad24256d257343ad8f45d63a12f620') in 0.8077684 seconds
Number of updated asset objects reloaded before import = 0Number of asset objects unloaded after import = 0

========================================================================
Received Import Request.
  Time since last request: 15.405750 seconds.
  path: Assets/_3DStealthGame/Prefabs/Characters/Ghost.prefab
  artifactKey: Guid(be04c01cb8f5680408c93428c346fe16) Importer(2089858483,192608db42251d675da83286b1cce702)
Start importing Assets/_3DStealthGame/Prefabs/Characters/Ghost.prefab using Guid(be04c01cb8f5680408c93428c346fe16) Importer(2089858483,192608db42251d675da83286b1cce702) (ScriptedImporter) -> (artifact id: '4d7d5a9847e79254a12b2dcc6948091a') in 0.2139762 seconds
Number of updated asset objects reloaded before import = 0Number of asset objects unloaded after import = 58

========================================================================
Received Import Request.
  Time since last request: 9.668790 seconds.
  path: Assets/_3DStealthGame/Prefabs/Characters/Ghost.prefab
  artifactKey: Guid(be04c01cb8f5680408c93428c346fe16) Importer(2089858483,192608db42251d675da83286b1cce702)
Start importing Assets/_3DStealthGame/Prefabs/Characters/Ghost.prefab using Guid(be04c01cb8f5680408c93428c346fe16) Importer(2089858483,192608db42251d675da83286b1cce702) (ScriptedImporter) -> (artifact id: 'd36d6fcdaa8182548121ed251047f113') in 0.1104252 seconds
Number of updated asset objects reloaded before import = 0Number of asset objects unloaded after import = 59

========================================================================
Received Import Request.
  Time since last request: 19.913967 seconds.
  path: Assets/_3DStealthGame/Prefabs/Levels/Level A.prefab
  artifactKey: Guid(c126d90fa1fe4ac4abcc6e249c724bf0) Importer(2089858483,192608db42251d675da83286b1cce702)
Start importing Assets/_3DStealthGame/Prefabs/Levels/Level A.prefab using Guid(c126d90fa1fe4ac4abcc6e249c724bf0) Importer(2089858483,192608db42251d675da83286b1cce702) (ScriptedImporter) -> (artifact id: 'fb18d23bb705f5eb1152fa393a62b5fd') in 2.8581219 seconds
Number of updated asset objects reloaded before import = 0Number of asset objects unloaded after import = 3804

========================================================================
Received Prepare
Assembly reference Packages/com.unity.cinemachine/Editor/Samples/ExposeHDRPInternals/HDRP-Editor-ref.asmref has no target assembly definition
Assembly reference Packages/com.unity.cinemachine/Editor/Samples/ExposeHDRPInternals/HDRP-Editor-ref.asmref has no target assembly definition
Begin MonoManager ReloadAssembly
Duplicate assembly 'System.Runtime.CompilerServices.Unsafe.dll' with different versions detected, using 'Packages/com.unity.collections/Unity.Collections.Tests/System.Runtime.CompilerServices.Unsafe/System.Runtime.CompilerServices.Unsafe.dll, AssemblyName=System.Runtime.CompilerServices.Unsafe, Version=6.0.0.0, Culture=neutral, PublicKeyToken=b03f5f7f11d50a3a' and ignoring 'Packages/com.unity.ai.assistant/Plugins/Markdig/Dependencies/System.Runtime.CompilerServices.Unsafe.dll, AssemblyName=System.Runtime.CompilerServices.Unsafe, Version=4.0.6.0, Culture=neutral, PublicKeyToken=b03f5f7f11d50a3a'.Symbol file LoadedFromMemory is not a mono symbol file
Symbol file LoadedFromMemory is not a mono symbol file
- Loaded All Assemblies, in  2.604 seconds
Assembly reference Packages/com.unity.cinemachine/Editor/Samples/ExposeHDRPInternals/HDRP-Editor-ref.asmref has no target assembly definition
'Packages/com.unity.cinemachine/Editor/Obsolete/CinemachineVirtualCameraBaseEditor.cs' contains partial class of Unity.Object, exactly 1 of the partial classes needs to be in a file with the same filename. This is to know the one that can be referenced from ie. GameObjects
'Packages/com.unity.cinemachine/Editor/Editors/CinemachineVirtualCameraBaseEditor.cs' contains partial class of Unity.Object, exactly 1 of the partial classes needs to be in a file with the same filename. This is to know the one that can be referenced from ie. GameObjects
Refreshing native plugins compatible for Editor in 7.63 ms, found 7 plugins.
Native extension for UWP target not found
Native extension for WindowsStandalone target not found
Native extension for WebGL target not found
Assembly reference Packages/com.unity.cinemachine/Editor/Samples/ExposeHDRPInternals/HDRP-Editor-ref.asmref has no target assembly definition
[Package Manager] Failed to launch server process. Reason: Unity was launched with the -noUpm command-line argument
[Package Manager] Unable to send message (not connected to server process).
[Package Manager] Cannot connect to Unity Package Manager local server
Mono: successfully reloaded assembly
- Finished resetting the current domain, in  5.421 seconds
Domain Reload Profiling: 8023ms
	BeginReloadAssembly (599ms)
		ExecutionOrderSort (0ms)
		DisableScriptedObjects (14ms)
		BackupInstance (0ms)
		ReleaseScriptingObjects (0ms)
		CreateAndSetChildDomain (155ms)
	RebuildCommonClasses (104ms)
	RebuildNativeTypeToScriptingClass (40ms)
	initialDomainReloadingComplete (111ms)
	LoadAllAssembliesAndSetupDomain (1747ms)
		LoadAssemblies (1140ms)
		RebuildTransferFunctionScriptingTraits (0ms)
		AnalyzeDomain (868ms)
			TypeCache.Refresh (15ms)
				TypeCache.ScanAssembly (0ms)
			BuildScriptInfoCaches (815ms)
			ResolveRequiredComponents (27ms)
	FinalizeReload (5423ms)
		ReleaseScriptCaches (0ms)
		RebuildScriptCaches (0ms)
		SetupLoadedEditorAssemblies (4761ms)
			LogAssemblyErrors (0ms)
			InitializePlatformSupportModulesInManaged (8ms)
			SetLoadedEditorAssemblies (10ms)
			BeforeProcessingInitializeOnLoad (927ms)
			ProcessInitializeOnLoadAttributes (2717ms)
			ProcessInitializeOnLoadMethodAttributes (1053ms)
			AfterProcessingInitializeOnLoad (44ms)
			EditorAssembliesLoaded (1ms)
		ExecutionOrderSort2 (0ms)
		AwakeInstancesAfterBackupRestoration (167ms)
Refreshing native plugins compatible for Editor in 19.77 ms, found 7 plugins.
Preloading 0 native plugins for Editor in 0.00 ms.
Unloading 67 Unused Serialized files (Serialized files now loaded: 0)
Unloading 8115 unused Assets / (20.1 MB). Loaded Objects now: 9030.
Memory consumption went from 186.2 MB to 166.2 MB.
Total: 48.822500 ms (FindLiveObjects: 3.544300 ms CreateObjectMapping: 3.712000 ms MarkObjects: 18.151300 ms  DeleteObjects: 23.411600 ms)

Prepare: number of updated asset objects reloaded= 0
========================================================================
Received Prepare
Assembly reference Packages/com.unity.cinemachine/Editor/Samples/ExposeHDRPInternals/HDRP-Editor-ref.asmref has no target assembly definition
Assembly reference Packages/com.unity.cinemachine/Editor/Samples/ExposeHDRPInternals/HDRP-Editor-ref.asmref has no target assembly definition
Begin MonoManager ReloadAssembly
Duplicate assembly 'System.Runtime.CompilerServices.Unsafe.dll' with different versions detected, using 'Packages/com.unity.collections/Unity.Collections.Tests/System.Runtime.CompilerServices.Unsafe/System.Runtime.CompilerServices.Unsafe.dll, AssemblyName=System.Runtime.CompilerServices.Unsafe, Version=6.0.0.0, Culture=neutral, PublicKeyToken=b03f5f7f11d50a3a' and ignoring 'Packages/com.unity.ai.assistant/Plugins/Markdig/Dependencies/System.Runtime.CompilerServices.Unsafe.dll, AssemblyName=System.Runtime.CompilerServices.Unsafe, Version=4.0.6.0, Culture=neutral, PublicKeyToken=b03f5f7f11d50a3a'.Symbol file LoadedFromMemory is not a mono symbol file
Symbol file LoadedFromMemory is not a mono symbol file
- Loaded All Assemblies, in  2.436 seconds
Assembly reference Packages/com.unity.cinemachine/Editor/Samples/ExposeHDRPInternals/HDRP-Editor-ref.asmref has no target assembly definition
'Packages/com.unity.cinemachine/Editor/Obsolete/CinemachineVirtualCameraBaseEditor.cs' contains partial class of Unity.Object, exactly 1 of the partial classes needs to be in a file with the same filename. This is to know the one that can be referenced from ie. GameObjects
'Packages/com.unity.cinemachine/Editor/Editors/CinemachineVirtualCameraBaseEditor.cs' contains partial class of Unity.Object, exactly 1 of the partial classes needs to be in a file with the same filename. This is to know the one that can be referenced from ie. GameObjects
Refreshing native plugins compatible for Editor in 14.83 ms, found 7 plugins.
Native extension for UWP target not found
Native extension for WindowsStandalone target not found
Native extension for WebGL target not found
Assembly reference Packages/com.unity.cinemachine/Editor/Samples/ExposeHDRPInternals/HDRP-Editor-ref.asmref has no target assembly definition
[Package Manager] Failed to launch server process. Reason: Unity was launched with the -noUpm command-line argument
[Package Manager] Unable to send message (not connected to server process).
[Package Manager] Cannot connect to Unity Package Manager local server
Mono: successfully reloaded assembly
- Finished resetting the current domain, in  4.989 seconds
Domain Reload Profiling: 7414ms
	BeginReloadAssembly (552ms)
		ExecutionOrderSort (0ms)
		DisableScriptedObjects (14ms)
		BackupInstance (0ms)
		ReleaseScriptingObjects (0ms)
		CreateAndSetChildDomain (170ms)
	RebuildCommonClasses (104ms)
	RebuildNativeTypeToScriptingClass (38ms)
	initialDomainReloadingComplete (81ms)
	LoadAllAssembliesAndSetupDomain (1646ms)
		LoadAssemblies (1144ms)
		RebuildTransferFunctionScriptingTraits (0ms)
		AnalyzeDomain (759ms)
			TypeCache.Refresh (14ms)
				TypeCache.ScanAssembly (0ms)
			BuildScriptInfoCaches (709ms)
			ResolveRequiredComponents (24ms)
	FinalizeReload (4992ms)
		ReleaseScriptCaches (0ms)
		RebuildScriptCaches (0ms)
		SetupLoadedEditorAssemblies (4489ms)
			LogAssemblyErrors (0ms)
			InitializePlatformSupportModulesInManaged (5ms)
			SetLoadedEditorAssemblies (6ms)
			BeforeProcessingInitializeOnLoad (608ms)
			ProcessInitializeOnLoadAttributes (3109ms)
			ProcessInitializeOnLoadMethodAttributes (743ms)
			AfterProcessingInitializeOnLoad (16ms)
			EditorAssembliesLoaded (1ms)
		ExecutionOrderSort2 (0ms)
		AwakeInstancesAfterBackupRestoration (74ms)
Refreshing native plugins compatible for Editor in 16.69 ms, found 7 plugins.
Preloading 0 native plugins for Editor in 0.00 ms.
Unloading 67 Unused Serialized files (Serialized files now loaded: 0)
Unloading 8115 unused Assets / (19.8 MB). Loaded Objects now: 9032.
Memory consumption went from 189.8 MB to 170.0 MB.
Total: 28.757600 ms (FindLiveObjects: 1.607600 ms CreateObjectMapping: 2.670700 ms MarkObjects: 11.647900 ms  DeleteObjects: 12.829600 ms)

Prepare: number of updated asset objects reloaded= 0
========================================================================
Received Import Request.
  Time since last request: 74.364556 seconds.
  path: Assets/_3DStealthGame/Prefabs/Levels/Level A.prefab
  artifactKey: Guid(c126d90fa1fe4ac4abcc6e249c724bf0) Importer(2089858483,192608db42251d675da83286b1cce702)
Start importing Assets/_3DStealthGame/Prefabs/Levels/Level A.prefab using Guid(c126d90fa1fe4ac4abcc6e249c724bf0) Importer(2089858483,192608db42251d675da83286b1cce702) (ScriptedImporter) -> (artifact id: '7c2d33eda18039b52f24c33a8e25dff7') in 0.9414462 seconds
Number of updated asset objects reloaded before import = 0Number of asset objects unloaded after import = 3803

========================================================================
Received Prepare
Assembly reference Packages/com.unity.cinemachine/Editor/Samples/ExposeHDRPInternals/HDRP-Editor-ref.asmref has no target assembly definition
Assembly reference Packages/com.unity.cinemachine/Editor/Samples/ExposeHDRPInternals/HDRP-Editor-ref.asmref has no target assembly definition
Begin MonoManager ReloadAssembly
Duplicate assembly 'System.Runtime.CompilerServices.Unsafe.dll' with different versions detected, using 'Packages/com.unity.collections/Unity.Collections.Tests/System.Runtime.CompilerServices.Unsafe/System.Runtime.CompilerServices.Unsafe.dll, AssemblyName=System.Runtime.CompilerServices.Unsafe, Version=6.0.0.0, Culture=neutral, PublicKeyToken=b03f5f7f11d50a3a' and ignoring 'Packages/com.unity.ai.assistant/Plugins/Markdig/Dependencies/System.Runtime.CompilerServices.Unsafe.dll, AssemblyName=System.Runtime.CompilerServices.Unsafe, Version=4.0.6.0, Culture=neutral, PublicKeyToken=b03f5f7f11d50a3a'.Symbol file LoadedFromMemory is not a mono symbol file
Symbol file LoadedFromMemory is not a mono symbol file
- Loaded All Assemblies, in  2.341 seconds
Assembly reference Packages/com.unity.cinemachine/Editor/Samples/ExposeHDRPInternals/HDRP-Editor-ref.asmref has no target assembly definition
'Packages/com.unity.cinemachine/Editor/Obsolete/CinemachineVirtualCameraBaseEditor.cs' contains partial class of Unity.Object, exactly 1 of the partial classes needs to be in a file with the same filename. This is to know the one that can be referenced from ie. GameObjects
'Packages/com.unity.cinemachine/Editor/Editors/CinemachineVirtualCameraBaseEditor.cs' contains partial class of Unity.Object, exactly 1 of the partial classes needs to be in a file with the same filename. This is to know the one that can be referenced from ie. GameObjects
Refreshing native plugins compatible for Editor in 8.76 ms, found 7 plugins.
Native extension for UWP target not found
Native extension for WindowsStandalone target not found
Native extension for WebGL target not found
Assembly reference Packages/com.unity.cinemachine/Editor/Samples/ExposeHDRPInternals/HDRP-Editor-ref.asmref has no target assembly definition
[Package Manager] Failed to launch server process. Reason: Unity was launched with the -noUpm command-line argument
[Package Manager] Unable to send message (not connected to server process).
[Package Manager] Cannot connect to Unity Package Manager local server
Mono: successfully reloaded assembly
- Finished resetting the current domain, in  4.825 seconds
Domain Reload Profiling: 7171ms
	BeginReloadAssembly (553ms)
		ExecutionOrderSort (0ms)
		DisableScriptedObjects (13ms)
		BackupInstance (0ms)
		ReleaseScriptingObjects (0ms)
		CreateAndSetChildDomain (194ms)
	RebuildCommonClasses (83ms)
	RebuildNativeTypeToScriptingClass (31ms)
	initialDomainReloadingComplete (84ms)
	LoadAllAssembliesAndSetupDomain (1593ms)
		LoadAssemblies (1043ms)
		RebuildTransferFunctionScriptingTraits (0ms)
		AnalyzeDomain (782ms)
			TypeCache.Refresh (13ms)
				TypeCache.ScanAssembly (0ms)
			BuildScriptInfoCaches (725ms)
			ResolveRequiredComponents (31ms)
	FinalizeReload (4827ms)
		ReleaseScriptCaches (0ms)
		RebuildScriptCaches (0ms)
		SetupLoadedEditorAssemblies (4274ms)
			LogAssemblyErrors (0ms)
			InitializePlatformSupportModulesInManaged (5ms)
			SetLoadedEditorAssemblies (6ms)
			BeforeProcessingInitializeOnLoad (703ms)
			ProcessInitializeOnLoadAttributes (2746ms)
			ProcessInitializeOnLoadMethodAttributes (797ms)
			AfterProcessingInitializeOnLoad (13ms)
			EditorAssembliesLoaded (3ms)
		ExecutionOrderSort2 (0ms)
		AwakeInstancesAfterBackupRestoration (102ms)
Refreshing native plugins compatible for Editor in 30.34 ms, found 7 plugins.
Preloading 0 native plugins for Editor in 0.00 ms.
Unloading 67 Unused Serialized files (Serialized files now loaded: 0)
Unloading 8115 unused Assets / (20.5 MB). Loaded Objects now: 9034.
Memory consumption went from 186.4 MB to 165.9 MB.
Total: 72.493400 ms (FindLiveObjects: 5.594400 ms CreateObjectMapping: 6.418600 ms MarkObjects: 30.138800 ms  DeleteObjects: 30.338500 ms)

Prepare: number of updated asset objects reloaded= 0
========================================================================
Received Import Request.
  Time since last request: 350.044769 seconds.
  path: Assets/_3DStealthGame/Scenes/Main/NavMesh-Hall Room Start.asset
  artifactKey: Guid(d07526610308bb9488b60caae659b650) Importer(2089858483,192608db42251d675da83286b1cce702)
Start importing Assets/_3DStealthGame/Scenes/Main/NavMesh-Hall Room Start.asset using Guid(d07526610308bb9488b60caae659b650) Importer(2089858483,192608db42251d675da83286b1cce702) (ScriptedImporter) -> (artifact id: '2309364628fa363e6470419024efb74f') in 0.4336137 seconds
Number of updated asset objects reloaded before import = 0Number of asset objects unloaded after import = 1

========================================================================
Received Import Request.
  Time since last request: 0.000079 seconds.
  path: Assets/_3DStealthGame/Scenes/Main
  artifactKey: Guid(5ed742f016c244646a3a27982d334056) Importer(2089858483,192608db42251d675da83286b1cce702)
Start importing Assets/_3DStealthGame/Scenes/Main using Guid(5ed742f016c244646a3a27982d334056) Importer(2089858483,192608db42251d675da83286b1cce702) (ScriptedImporter) -> (artifact id: '52dd9585ae98c8d817a838f979545976') in 0.0493536 seconds
Number of updated asset objects reloaded before import = 0Number of asset objects unloaded after import = 1

========================================================================
Received Prepare
Assembly reference Packages/com.unity.cinemachine/Editor/Samples/ExposeHDRPInternals/HDRP-Editor-ref.asmref has no target assembly definition
Assembly reference Packages/com.unity.cinemachine/Editor/Samples/ExposeHDRPInternals/HDRP-Editor-ref.asmref has no target assembly definition
Begin MonoManager ReloadAssembly
Duplicate assembly 'System.Runtime.CompilerServices.Unsafe.dll' with different versions detected, using 'Packages/com.unity.collections/Unity.Collections.Tests/System.Runtime.CompilerServices.Unsafe/System.Runtime.CompilerServices.Unsafe.dll, AssemblyName=System.Runtime.CompilerServices.Unsafe, Version=6.0.0.0, Culture=neutral, PublicKeyToken=b03f5f7f11d50a3a' and ignoring 'Packages/com.unity.ai.assistant/Plugins/Markdig/Dependencies/System.Runtime.CompilerServices.Unsafe.dll, AssemblyName=System.Runtime.CompilerServices.Unsafe, Version=4.0.6.0, Culture=neutral, PublicKeyToken=b03f5f7f11d50a3a'.Symbol file LoadedFromMemory is not a mono symbol file
Symbol file LoadedFromMemory is not a mono symbol file
- Loaded All Assemblies, in  2.408 seconds
Assembly reference Packages/com.unity.cinemachine/Editor/Samples/ExposeHDRPInternals/HDRP-Editor-ref.asmref has no target assembly definition
'Packages/com.unity.cinemachine/Editor/Obsolete/CinemachineVirtualCameraBaseEditor.cs' contains partial class of Unity.Object, exactly 1 of the partial classes needs to be in a file with the same filename. This is to know the one that can be referenced from ie. GameObjects
'Packages/com.unity.cinemachine/Editor/Editors/CinemachineVirtualCameraBaseEditor.cs' contains partial class of Unity.Object, exactly 1 of the partial classes needs to be in a file with the same filename. This is to know the one that can be referenced from ie. GameObjects
Refreshing native plugins compatible for Editor in 9.42 ms, found 7 plugins.
Native extension for UWP target not found
Native extension for WindowsStandalone target not found
Native extension for WebGL target not found
Assembly reference Packages/com.unity.cinemachine/Editor/Samples/ExposeHDRPInternals/HDRP-Editor-ref.asmref has no target assembly definition
[Package Manager] Failed to launch server process. Reason: Unity was launched with the -noUpm command-line argument
[Package Manager] Unable to send message (not connected to server process).
[Package Manager] Cannot connect to Unity Package Manager local server
Mono: successfully reloaded assembly
- Finished resetting the current domain, in  5.192 seconds
Domain Reload Profiling: 7603ms
	BeginReloadAssembly (538ms)
		ExecutionOrderSort (0ms)
		DisableScriptedObjects (14ms)
		BackupInstance (0ms)
		ReleaseScriptingObjects (0ms)
		CreateAndSetChildDomain (175ms)
	RebuildCommonClasses (132ms)
	RebuildNativeTypeToScriptingClass (59ms)
	initialDomainReloadingComplete (99ms)
	LoadAllAssembliesAndSetupDomain (1580ms)
		LoadAssemblies (1011ms)
		RebuildTransferFunctionScriptingTraits (0ms)
		AnalyzeDomain (801ms)
			TypeCache.Refresh (16ms)
				TypeCache.ScanAssembly (0ms)
			BuildScriptInfoCaches (744ms)
			ResolveRequiredComponents (28ms)
	FinalizeReload (5195ms)
		ReleaseScriptCaches (0ms)
		RebuildScriptCaches (0ms)
		SetupLoadedEditorAssemblies (4644ms)
			LogAssemblyErrors (0ms)
			InitializePlatformSupportModulesInManaged (5ms)
			SetLoadedEditorAssemblies (9ms)
			BeforeProcessingInitializeOnLoad (657ms)
			ProcessInitializeOnLoadAttributes (2895ms)
			ProcessInitializeOnLoadMethodAttributes (1058ms)
			AfterProcessingInitializeOnLoad (18ms)
			EditorAssembliesLoaded (1ms)
		ExecutionOrderSort2 (0ms)
		AwakeInstancesAfterBackupRestoration (73ms)
Refreshing native plugins compatible for Editor in 22.46 ms, found 7 plugins.
Preloading 0 native plugins for Editor in 0.00 ms.
Unloading 67 Unused Serialized files (Serialized files now loaded: 0)
Unloading 8115 unused Assets / (20.7 MB). Loaded Objects now: 9036.
Memory consumption went from 186.4 MB to 165.8 MB.
Total: 67.347600 ms (FindLiveObjects: 2.513600 ms CreateObjectMapping: 4.528300 ms MarkObjects: 26.828800 ms  DeleteObjects: 33.472900 ms)

Prepare: number of updated asset objects reloaded= 0
========================================================================
Received Import Request.
  Time since last request: 182.260641 seconds.
  path: Assets/_3DStealthGame/Scenes/Main.unity
  artifactKey: Guid(2fd2aeda3a6c2b64ca0187777af1b8c6) Importer(2089858483,192608db42251d675da83286b1cce702)
Start importing Assets/_3DStealthGame/Scenes/Main.unity using Guid(2fd2aeda3a6c2b64ca0187777af1b8c6) Importer(2089858483,192608db42251d675da83286b1cce702) (ScriptedImporter) -> (artifact id: 'be8c948236070818d260a51a4e6469fa') in 0.4792596 seconds
Number of updated asset objects reloaded before import = 0Number of asset objects unloaded after import = 1

========================================================================
Received Import Request.
  Time since last request: 22.063847 seconds.
  path: Assets/_3DStealthGame/Scenes/Main/NavMesh-Hall Room Start.asset
  artifactKey: Guid(d07526610308bb9488b60caae659b650) Importer(2089858483,192608db42251d675da83286b1cce702)
Start importing Assets/_3DStealthGame/Scenes/Main/NavMesh-Hall Room Start.asset using Guid(d07526610308bb9488b60caae659b650) Importer(2089858483,192608db42251d675da83286b1cce702) (ScriptedImporter) -> (artifact id: '45a6d83cae141013e87c846850449f4d') in 0.0712949 seconds
Number of updated asset objects reloaded before import = 0Number of asset objects unloaded after import = 1

========================================================================
Received Import Request.
  Time since last request: 7.487724 seconds.
  path: Assets/_3DStealthGame/Prefabs/Levels/Level A.prefab
  artifactKey: Guid(c126d90fa1fe4ac4abcc6e249c724bf0) Importer(2089858483,192608db42251d675da83286b1cce702)
Start importing Assets/_3DStealthGame/Prefabs/Levels/Level A.prefab using Guid(c126d90fa1fe4ac4abcc6e249c724bf0) Importer(2089858483,192608db42251d675da83286b1cce702) (ScriptedImporter) -> (artifact id: 'f8b3a43d5ddf625db67ae65dbd60e59b') in 0.3555561 seconds
Number of updated asset objects reloaded before import = 0Number of asset objects unloaded after import = 3805

========================================================================
Received Import Request.
  Time since last request: 12.652556 seconds.
  path: Assets/_3DStealthGame/Scenes/Main.unity
  artifactKey: Guid(2fd2aeda3a6c2b64ca0187777af1b8c6) Importer(2089858483,192608db42251d675da83286b1cce702)
Start importing Assets/_3DStealthGame/Scenes/Main.unity using Guid(2fd2aeda3a6c2b64ca0187777af1b8c6) Importer(2089858483,192608db42251d675da83286b1cce702) (ScriptedImporter) -> (artifact id: 'f3e48157e2b3a1c0b8f65d3a592e5822') in 0.064115 seconds
Number of updated asset objects reloaded before import = 0Number of asset objects unloaded after import = 1

========================================================================
Received Prepare
Assembly reference Packages/com.unity.cinemachine/Editor/Samples/ExposeHDRPInternals/HDRP-Editor-ref.asmref has no target assembly definition
Assembly reference Packages/com.unity.cinemachine/Editor/Samples/ExposeHDRPInternals/HDRP-Editor-ref.asmref has no target assembly definition
Begin MonoManager ReloadAssembly
Duplicate assembly 'System.Runtime.CompilerServices.Unsafe.dll' with different versions detected, using 'Packages/com.unity.collections/Unity.Collections.Tests/System.Runtime.CompilerServices.Unsafe/System.Runtime.CompilerServices.Unsafe.dll, AssemblyName=System.Runtime.CompilerServices.Unsafe, Version=6.0.0.0, Culture=neutral, PublicKeyToken=b03f5f7f11d50a3a' and ignoring 'Packages/com.unity.ai.assistant/Plugins/Markdig/Dependencies/System.Runtime.CompilerServices.Unsafe.dll, AssemblyName=System.Runtime.CompilerServices.Unsafe, Version=4.0.6.0, Culture=neutral, PublicKeyToken=b03f5f7f11d50a3a'.Symbol file LoadedFromMemory is not a mono symbol file
Symbol file LoadedFromMemory is not a mono symbol file
- Loaded All Assemblies, in  3.452 seconds
Assembly reference Packages/com.unity.cinemachine/Editor/Samples/ExposeHDRPInternals/HDRP-Editor-ref.asmref has no target assembly definition
'Packages/com.unity.cinemachine/Editor/Obsolete/CinemachineVirtualCameraBaseEditor.cs' contains partial class of Unity.Object, exactly 1 of the partial classes needs to be in a file with the same filename. This is to know the one that can be referenced from ie. GameObjects
'Packages/com.unity.cinemachine/Editor/Editors/CinemachineVirtualCameraBaseEditor.cs' contains partial class of Unity.Object, exactly 1 of the partial classes needs to be in a file with the same filename. This is to know the one that can be referenced from ie. GameObjects
Refreshing native plugins compatible for Editor in 15.12 ms, found 7 plugins.
Native extension for UWP target not found
Native extension for WindowsStandalone target not found
Native extension for WebGL target not found
Assembly reference Packages/com.unity.cinemachine/Editor/Samples/ExposeHDRPInternals/HDRP-Editor-ref.asmref has no target assembly definition
[Package Manager] Failed to launch server process. Reason: Unity was launched with the -noUpm command-line argument
[Package Manager] Unable to send message (not connected to server process).
[Package Manager] Cannot connect to Unity Package Manager local server
Mono: successfully reloaded assembly
- Finished resetting the current domain, in  9.033 seconds
Domain Reload Profiling: 12490ms
	BeginReloadAssembly (746ms)
		ExecutionOrderSort (0ms)
		DisableScriptedObjects (29ms)
		BackupInstance (0ms)
		ReleaseScriptingObjects (0ms)
		CreateAndSetChildDomain (248ms)
	RebuildCommonClasses (115ms)
	RebuildNativeTypeToScriptingClass (39ms)
	initialDomainReloadingComplete (120ms)
	LoadAllAssembliesAndSetupDomain (2436ms)
		LoadAssemblies (1644ms)
		RebuildTransferFunctionScriptingTraits (0ms)
		AnalyzeDomain (1075ms)
			TypeCache.Refresh (27ms)
				TypeCache.ScanAssembly (0ms)
			BuildScriptInfoCaches (999ms)
			ResolveRequiredComponents (35ms)
	FinalizeReload (9034ms)
		ReleaseScriptCaches (0ms)
		RebuildScriptCaches (0ms)
		SetupLoadedEditorAssemblies (8074ms)
			LogAssemblyErrors (0ms)
			InitializePlatformSupportModulesInManaged (25ms)
			SetLoadedEditorAssemblies (25ms)
			BeforeProcessingInitializeOnLoad (2386ms)
			ProcessInitializeOnLoadAttributes (4104ms)
			ProcessInitializeOnLoadMethodAttributes (1518ms)
			AfterProcessingInitializeOnLoad (15ms)
			EditorAssembliesLoaded (1ms)
		ExecutionOrderSort2 (0ms)
		AwakeInstancesAfterBackupRestoration (68ms)
Refreshing native plugins compatible for Editor in 18.26 ms, found 7 plugins.
Preloading 0 native plugins for Editor in 0.00 ms.
Unloading 67 Unused Serialized files (Serialized files now loaded: 0)
Unloading 8115 unused Assets / (19.5 MB). Loaded Objects now: 9038.
Memory consumption went from 186.4 MB to 166.9 MB.
Total: 144.351200 ms (FindLiveObjects: 1.908600 ms CreateObjectMapping: 5.563300 ms MarkObjects: 23.016600 ms  DeleteObjects: 113.860400 ms)

Prepare: number of updated asset objects reloaded= 0
========================================================================
Received Import Request.
  Time since last request: 186.795506 seconds.
  path: Assets/_3DStealthGame/Scenes/Main.unity
  artifactKey: Guid(2fd2aeda3a6c2b64ca0187777af1b8c6) Importer(2089858483,192608db42251d675da83286b1cce702)
Start importing Assets/_3DStealthGame/Scenes/Main.unity using Guid(2fd2aeda3a6c2b64ca0187777af1b8c6) Importer(2089858483,192608db42251d675da83286b1cce702) (ScriptedImporter) -> (artifact id: 'd45d7f5934f2630256959c792ac76900') in 0.5361466 seconds
Number of updated asset objects reloaded before import = 0Number of asset objects unloaded after import = 1

========================================================================
Received Import Request.
  Time since last request: 271.240968 seconds.
  path: Assets/_3DStealthGame/Scenes/Main/NavMesh-Dinning Hall L.asset
  artifactKey: Guid(623c6a132337d48429081cacb491c91a) Importer(2089858483,192608db42251d675da83286b1cce702)
Start importing Assets/_3DStealthGame/Scenes/Main/NavMesh-Dinning Hall L.asset using Guid(623c6a132337d48429081cacb491c91a) Importer(2089858483,192608db42251d675da83286b1cce702) (ScriptedImporter) -> (artifact id: 'be25326ef83bd5f421adaece04b5c755') in 0.0760495 seconds
Number of updated asset objects reloaded before import = 0Number of asset objects unloaded after import = 1

========================================================================
Received Import Request.
  Time since last request: 42.610815 seconds.
  path: Assets/_3DStealthGame/Scenes/Main/NavMesh-Hall Room Start 1.asset
  artifactKey: Guid(b0527d3e11705ca4aaf42b2c57dcc7ce) Importer(2089858483,192608db42251d675da83286b1cce702)
Start importing Assets/_3DStealthGame/Scenes/Main/NavMesh-Hall Room Start 1.asset using Guid(b0527d3e11705ca4aaf42b2c57dcc7ce) Importer(2089858483,192608db42251d675da83286b1cce702) (ScriptedImporter) -> (artifact id: 'b252c894d8e21986e05ed5c54619bcb3') in 0.0298834 seconds
Number of updated asset objects reloaded before import = 0Number of asset objects unloaded after import = 1

========================================================================
Received Prepare
Assembly reference Packages/com.unity.cinemachine/Editor/Samples/ExposeHDRPInternals/HDRP-Editor-ref.asmref has no target assembly definition
Assembly reference Packages/com.unity.cinemachine/Editor/Samples/ExposeHDRPInternals/HDRP-Editor-ref.asmref has no target assembly definition
Begin MonoManager ReloadAssembly
Duplicate assembly 'System.Runtime.CompilerServices.Unsafe.dll' with different versions detected, using 'Packages/com.unity.collections/Unity.Collections.Tests/System.Runtime.CompilerServices.Unsafe/System.Runtime.CompilerServices.Unsafe.dll, AssemblyName=System.Runtime.CompilerServices.Unsafe, Version=6.0.0.0, Culture=neutral, PublicKeyToken=b03f5f7f11d50a3a' and ignoring 'Packages/com.unity.ai.assistant/Plugins/Markdig/Dependencies/System.Runtime.CompilerServices.Unsafe.dll, AssemblyName=System.Runtime.CompilerServices.Unsafe, Version=4.0.6.0, Culture=neutral, PublicKeyToken=b03f5f7f11d50a3a'.Symbol file LoadedFromMemory is not a mono symbol file
Symbol file LoadedFromMemory is not a mono symbol file
- Loaded All Assemblies, in  2.310 seconds
Assembly reference Packages/com.unity.cinemachine/Editor/Samples/ExposeHDRPInternals/HDRP-Editor-ref.asmref has no target assembly definition
'Packages/com.unity.cinemachine/Editor/Obsolete/CinemachineVirtualCameraBaseEditor.cs' contains partial class of Unity.Object, exactly 1 of the partial classes needs to be in a file with the same filename. This is to know the one that can be referenced from ie. GameObjects
'Packages/com.unity.cinemachine/Editor/Editors/CinemachineVirtualCameraBaseEditor.cs' contains partial class of Unity.Object, exactly 1 of the partial classes needs to be in a file with the same filename. This is to know the one that can be referenced from ie. GameObjects
Refreshing native plugins compatible for Editor in 9.73 ms, found 7 plugins.
Native extension for UWP target not found
Native extension for WindowsStandalone target not found
Native extension for WebGL target not found
Assembly reference Packages/com.unity.cinemachine/Editor/Samples/ExposeHDRPInternals/HDRP-Editor-ref.asmref has no target assembly definition
[Package Manager] Failed to launch server process. Reason: Unity was launched with the -noUpm command-line argument
[Package Manager] Unable to send message (not connected to server process).
[Package Manager] Cannot connect to Unity Package Manager local server
Mono: successfully reloaded assembly
- Finished resetting the current domain, in  5.188 seconds
Domain Reload Profiling: 7502ms
	BeginReloadAssembly (535ms)
		ExecutionOrderSort (0ms)
		DisableScriptedObjects (16ms)
		BackupInstance (0ms)
		ReleaseScriptingObjects (0ms)
		CreateAndSetChildDomain (149ms)
	RebuildCommonClasses (87ms)
	RebuildNativeTypeToScriptingClass (29ms)
	initialDomainReloadingComplete (80ms)
	LoadAllAssembliesAndSetupDomain (1582ms)
		LoadAssemblies (918ms)
		RebuildTransferFunctionScriptingTraits (0ms)
		AnalyzeDomain (880ms)
			TypeCache.Refresh (15ms)
				TypeCache.ScanAssembly (0ms)
			BuildScriptInfoCaches (825ms)
			ResolveRequiredComponents (27ms)
	FinalizeReload (5189ms)
		ReleaseScriptCaches (0ms)
		RebuildScriptCaches (0ms)
		SetupLoadedEditorAssemblies (4621ms)
			LogAssemblyErrors (0ms)
			InitializePlatformSupportModulesInManaged (8ms)
			SetLoadedEditorAssemblies (14ms)
			BeforeProcessingInitializeOnLoad (856ms)
			ProcessInitializeOnLoadAttributes (2962ms)
			ProcessInitializeOnLoadMethodAttributes (765ms)
			AfterProcessingInitializeOnLoad (13ms)
			EditorAssembliesLoaded (3ms)
		ExecutionOrderSort2 (0ms)
		AwakeInstancesAfterBackupRestoration (104ms)
Refreshing native plugins compatible for Editor in 20.75 ms, found 7 plugins.
Preloading 0 native plugins for Editor in 0.00 ms.
Unloading 67 Unused Serialized files (Serialized files now loaded: 0)
Unloading 8115 unused Assets / (19.8 MB). Loaded Objects now: 9040.
Memory consumption went from 186.5 MB to 166.6 MB.
Total: 62.733500 ms (FindLiveObjects: 2.936700 ms CreateObjectMapping: 4.071000 ms MarkObjects: 26.398600 ms  DeleteObjects: 29.324300 ms)

Prepare: number of updated asset objects reloaded= 0
========================================================================
Received Import Request.
  Time since last request: 159.931581 seconds.
  path: Assets/_3DStealthGame/Scenes/Main.unity
  artifactKey: Guid(2fd2aeda3a6c2b64ca0187777af1b8c6) Importer(2089858483,192608db42251d675da83286b1cce702)
Start importing Assets/_3DStealthGame/Scenes/Main.unity using Guid(2fd2aeda3a6c2b64ca0187777af1b8c6) Importer(2089858483,192608db42251d675da83286b1cce702) (ScriptedImporter) -> (artifact id: 'c5502439323ed2b521dd355dbbe53714') in 0.5507395 seconds
Number of updated asset objects reloaded before import = 0Number of asset objects unloaded after import = 1

========================================================================
Received Import Request.
  Time since last request: 83.866694 seconds.
  path: Assets/_3DStealthGame/Scenes/Main/NavMesh-Dinning Room.asset
  artifactKey: Guid(44482167c369ab443820dc4eedac6f02) Importer(2089858483,192608db42251d675da83286b1cce702)
Start importing Assets/_3DStealthGame/Scenes/Main/NavMesh-Dinning Room.asset using Guid(44482167c369ab443820dc4eedac6f02) Importer(2089858483,192608db42251d675da83286b1cce702) (ScriptedImporter) -> (artifact id: '7fd4de9048fef9041b5f6a8b54e1affb') in 0.0736418 seconds
Number of updated asset objects reloaded before import = 0Number of asset objects unloaded after import = 1

========================================================================
Received Import Request.
  Time since last request: 13.625564 seconds.
  path: Assets/_3DStealthGame/Scenes/Main.unity
  artifactKey: Guid(2fd2aeda3a6c2b64ca0187777af1b8c6) Importer(2089858483,192608db42251d675da83286b1cce702)
Start importing Assets/_3DStealthGame/Scenes/Main.unity using Guid(2fd2aeda3a6c2b64ca0187777af1b8c6) Importer(2089858483,192608db42251d675da83286b1cce702) (ScriptedImporter) -> (artifact id: '9544aeee8d88cbcec8114751ba3894fd') in 0.1454766 seconds
Number of updated asset objects reloaded before import = 0Number of asset objects unloaded after import = 1

========================================================================
Received Prepare
Assembly reference Packages/com.unity.cinemachine/Editor/Samples/ExposeHDRPInternals/HDRP-Editor-ref.asmref has no target assembly definition
Assembly reference Packages/com.unity.cinemachine/Editor/Samples/ExposeHDRPInternals/HDRP-Editor-ref.asmref has no target assembly definition
Begin MonoManager ReloadAssembly
Duplicate assembly 'System.Runtime.CompilerServices.Unsafe.dll' with different versions detected, using 'Packages/com.unity.collections/Unity.Collections.Tests/System.Runtime.CompilerServices.Unsafe/System.Runtime.CompilerServices.Unsafe.dll, AssemblyName=System.Runtime.CompilerServices.Unsafe, Version=6.0.0.0, Culture=neutral, PublicKeyToken=b03f5f7f11d50a3a' and ignoring 'Packages/com.unity.ai.assistant/Plugins/Markdig/Dependencies/System.Runtime.CompilerServices.Unsafe.dll, AssemblyName=System.Runtime.CompilerServices.Unsafe, Version=4.0.6.0, Culture=neutral, PublicKeyToken=b03f5f7f11d50a3a'.Symbol file LoadedFromMemory is not a mono symbol file
Symbol file LoadedFromMemory is not a mono symbol file
- Loaded All Assemblies, in  2.395 seconds
Assembly reference Packages/com.unity.cinemachine/Editor/Samples/ExposeHDRPInternals/HDRP-Editor-ref.asmref has no target assembly definition
'Packages/com.unity.cinemachine/Editor/Obsolete/CinemachineVirtualCameraBaseEditor.cs' contains partial class of Unity.Object, exactly 1 of the partial classes needs to be in a file with the same filename. This is to know the one that can be referenced from ie. GameObjects
'Packages/com.unity.cinemachine/Editor/Editors/CinemachineVirtualCameraBaseEditor.cs' contains partial class of Unity.Object, exactly 1 of the partial classes needs to be in a file with the same filename. This is to know the one that can be referenced from ie. GameObjects
Refreshing native plugins compatible for Editor in 7.77 ms, found 7 plugins.
Native extension for UWP target not found
Native extension for WindowsStandalone target not found
Native extension for WebGL target not found
Assembly reference Packages/com.unity.cinemachine/Editor/Samples/ExposeHDRPInternals/HDRP-Editor-ref.asmref has no target assembly definition
[Package Manager] Failed to launch server process. Reason: Unity was launched with the -noUpm command-line argument
[Package Manager] Unable to send message (not connected to server process).
[Package Manager] Cannot connect to Unity Package Manager local server
Mono: successfully reloaded assembly
- Finished resetting the current domain, in  6.663 seconds
Domain Reload Profiling: 9048ms
	BeginReloadAssembly (571ms)
		ExecutionOrderSort (0ms)
		DisableScriptedObjects (17ms)
		BackupInstance (0ms)
		ReleaseScriptingObjects (0ms)
		CreateAndSetChildDomain (203ms)
	RebuildCommonClasses (91ms)
	RebuildNativeTypeToScriptingClass (32ms)
	initialDomainReloadingComplete (107ms)
	LoadAllAssembliesAndSetupDomain (1584ms)
		LoadAssemblies (1064ms)
		RebuildTransferFunctionScriptingTraits (0ms)
		AnalyzeDomain (750ms)
			TypeCache.Refresh (15ms)
				TypeCache.ScanAssembly (0ms)
			BuildScriptInfoCaches (697ms)
			ResolveRequiredComponents (27ms)
	FinalizeReload (6664ms)
		ReleaseScriptCaches (0ms)
		RebuildScriptCaches (0ms)
		SetupLoadedEditorAssemblies (5786ms)
			LogAssemblyErrors (0ms)
			InitializePlatformSupportModulesInManaged (7ms)
			SetLoadedEditorAssemblies (10ms)
			BeforeProcessingInitializeOnLoad (833ms)
			ProcessInitializeOnLoadAttributes (3762ms)
			ProcessInitializeOnLoadMethodAttributes (1058ms)
			AfterProcessingInitializeOnLoad (85ms)
			EditorAssembliesLoaded (30ms)
		ExecutionOrderSort2 (1ms)
		AwakeInstancesAfterBackupRestoration (365ms)
Refreshing native plugins compatible for Editor in 16.58 ms, found 7 plugins.
Preloading 0 native plugins for Editor in 0.00 ms.
Unloading 67 Unused Serialized files (Serialized files now loaded: 0)
Unloading 8115 unused Assets / (22.2 MB). Loaded Objects now: 9042.
Memory consumption went from 186.5 MB to 164.4 MB.
Total: 76.921600 ms (FindLiveObjects: 2.618900 ms CreateObjectMapping: 3.411000 ms MarkObjects: 24.792200 ms  DeleteObjects: 46.096000 ms)

Prepare: number of updated asset objects reloaded= 0
========================================================================
Received Import Request.
  Time since last request: 50.980916 seconds.
  path: Assets/_3DStealthGame/Scenes/Main.unity
  artifactKey: Guid(2fd2aeda3a6c2b64ca0187777af1b8c6) Importer(2089858483,192608db42251d675da83286b1cce702)
Start importing Assets/_3DStealthGame/Scenes/Main.unity using Guid(2fd2aeda3a6c2b64ca0187777af1b8c6) Importer(2089858483,192608db42251d675da83286b1cce702) (ScriptedImporter) -> (artifact id: 'e5325e3e4324983b93f728ad0d98bdd9') in 0.4517162 seconds
Number of updated asset objects reloaded before import = 0Number of asset objects unloaded after import = 1

========================================================================
Received Import Request.
  Time since last request: 23.765401 seconds.
  path: Assets/_3DStealthGame/Scenes/Main.unity
  artifactKey: Guid(2fd2aeda3a6c2b64ca0187777af1b8c6) Importer(2089858483,192608db42251d675da83286b1cce702)
Start importing Assets/_3DStealthGame/Scenes/Main.unity using Guid(2fd2aeda3a6c2b64ca0187777af1b8c6) Importer(2089858483,192608db42251d675da83286b1cce702) (ScriptedImporter) -> (artifact id: '50675ad418613476b4d57532f2441db4') in 0.0782721 seconds
Number of updated asset objects reloaded before import = 0Number of asset objects unloaded after import = 1

========================================================================
Received Import Request.
  Time since last request: 624.769213 seconds.
  path: Assets/_3DStealthGame/Scenes/Main/NavMesh-Room 4 x 5 (3).asset
  artifactKey: Guid(e7cfbb8103957174d8d1ad9614b1aafd) Importer(2089858483,192608db42251d675da83286b1cce702)
Start importing Assets/_3DStealthGame/Scenes/Main/NavMesh-Room 4 x 5 (3).asset using Guid(e7cfbb8103957174d8d1ad9614b1aafd) Importer(2089858483,192608db42251d675da83286b1cce702) (ScriptedImporter) -> (artifact id: 'b570514425f80bb087e1e92b6e33929e') in 0.123992 seconds
Number of updated asset objects reloaded before import = 0Number of asset objects unloaded after import = 1

========================================================================
Received Prepare
Assembly reference Packages/com.unity.cinemachine/Editor/Samples/ExposeHDRPInternals/HDRP-Editor-ref.asmref has no target assembly definition
Assembly reference Packages/com.unity.cinemachine/Editor/Samples/ExposeHDRPInternals/HDRP-Editor-ref.asmref has no target assembly definition
Begin MonoManager ReloadAssembly
Duplicate assembly 'System.Runtime.CompilerServices.Unsafe.dll' with different versions detected, using 'Packages/com.unity.collections/Unity.Collections.Tests/System.Runtime.CompilerServices.Unsafe/System.Runtime.CompilerServices.Unsafe.dll, AssemblyName=System.Runtime.CompilerServices.Unsafe, Version=6.0.0.0, Culture=neutral, PublicKeyToken=b03f5f7f11d50a3a' and ignoring 'Packages/com.unity.ai.assistant/Plugins/Markdig/Dependencies/System.Runtime.CompilerServices.Unsafe.dll, AssemblyName=System.Runtime.CompilerServices.Unsafe, Version=4.0.6.0, Culture=neutral, PublicKeyToken=b03f5f7f11d50a3a'.Symbol file LoadedFromMemory is not a mono symbol file
Symbol file LoadedFromMemory is not a mono symbol file
- Loaded All Assemblies, in  3.089 seconds
Assembly reference Packages/com.unity.cinemachine/Editor/Samples/ExposeHDRPInternals/HDRP-Editor-ref.asmref has no target assembly definition
'Packages/com.unity.cinemachine/Editor/Obsolete/CinemachineVirtualCameraBaseEditor.cs' contains partial class of Unity.Object, exactly 1 of the partial classes needs to be in a file with the same filename. This is to know the one that can be referenced from ie. GameObjects
'Packages/com.unity.cinemachine/Editor/Editors/CinemachineVirtualCameraBaseEditor.cs' contains partial class of Unity.Object, exactly 1 of the partial classes needs to be in a file with the same filename. This is to know the one that can be referenced from ie. GameObjects
Refreshing native plugins compatible for Editor in 10.78 ms, found 7 plugins.
Native extension for UWP target not found
Native extension for WindowsStandalone target not found
Native extension for WebGL target not found
Assembly reference Packages/com.unity.cinemachine/Editor/Samples/ExposeHDRPInternals/HDRP-Editor-ref.asmref has no target assembly definition
[Package Manager] Failed to launch server process. Reason: Unity was launched with the -noUpm command-line argument
[Package Manager] Unable to send message (not connected to server process).
[Package Manager] Cannot connect to Unity Package Manager local server
Mono: successfully reloaded assembly
- Finished resetting the current domain, in  5.442 seconds
Domain Reload Profiling: 8536ms
	BeginReloadAssembly (576ms)
		ExecutionOrderSort (0ms)
		DisableScriptedObjects (29ms)
		BackupInstance (0ms)
		ReleaseScriptingObjects (0ms)
		CreateAndSetChildDomain (182ms)
	RebuildCommonClasses (67ms)
	RebuildNativeTypeToScriptingClass (27ms)
	initialDomainReloadingComplete (65ms)
	LoadAllAssembliesAndSetupDomain (2358ms)
		LoadAssemblies (1629ms)
		RebuildTransferFunctionScriptingTraits (0ms)
		AnalyzeDomain (928ms)
			TypeCache.Refresh (11ms)
				TypeCache.ScanAssembly (0ms)
			BuildScriptInfoCaches (876ms)
			ResolveRequiredComponents (29ms)
	FinalizeReload (5444ms)
		ReleaseScriptCaches (0ms)
		RebuildScriptCaches (0ms)
		SetupLoadedEditorAssemblies (4875ms)
			LogAssemblyErrors (0ms)
			InitializePlatformSupportModulesInManaged (9ms)
			SetLoadedEditorAssemblies (14ms)
			BeforeProcessingInitializeOnLoad (1380ms)
			ProcessInitializeOnLoadAttributes (2681ms)
			ProcessInitializeOnLoadMethodAttributes (773ms)
			AfterProcessingInitializeOnLoad (17ms)
			EditorAssembliesLoaded (1ms)
		ExecutionOrderSort2 (0ms)
		AwakeInstancesAfterBackupRestoration (76ms)
Refreshing native plugins compatible for Editor in 10.44 ms, found 7 plugins.
Preloading 0 native plugins for Editor in 0.00 ms.
Unloading 67 Unused Serialized files (Serialized files now loaded: 0)
Unloading 8115 unused Assets / (19.6 MB). Loaded Objects now: 9044.
Memory consumption went from 186.6 MB to 167.1 MB.
Total: 67.931900 ms (FindLiveObjects: 5.861800 ms CreateObjectMapping: 8.749000 ms MarkObjects: 18.999900 ms  DeleteObjects: 34.318600 ms)

Prepare: number of updated asset objects reloaded= 0
========================================================================
Received Import Request.
  Time since last request: 139.022112 seconds.
  path: Assets/_3DStealthGame/Scenes/Main/NavMesh-Room 5 x 9.asset
  artifactKey: Guid(29335209bc9b92f4d9fb89184556b105) Importer(2089858483,192608db42251d675da83286b1cce702)
Start importing Assets/_3DStealthGame/Scenes/Main/NavMesh-Room 5 x 9.asset using Guid(29335209bc9b92f4d9fb89184556b105) Importer(2089858483,192608db42251d675da83286b1cce702) (ScriptedImporter) -> (artifact id: 'e3a30219b27c3c34594a8f670ccf137d') in 0.545442 seconds
Number of updated asset objects reloaded before import = 0Number of asset objects unloaded after import = 1

========================================================================
Received Import Request.
  Time since last request: 44.275747 seconds.
  path: Assets/_3DStealthGame/Scenes/Main/NavMesh-Room 5 x 8.asset
  artifactKey: Guid(dcef40383cb01764384bfdf9d2d722b8) Importer(2089858483,192608db42251d675da83286b1cce702)
Start importing Assets/_3DStealthGame/Scenes/Main/NavMesh-Room 5 x 8.asset using Guid(dcef40383cb01764384bfdf9d2d722b8) Importer(2089858483,192608db42251d675da83286b1cce702) (ScriptedImporter) -> (artifact id: '2c0f2ae49f8489089fced50f1062d824') in 0.0328486 seconds
Number of updated asset objects reloaded before import = 0Number of asset objects unloaded after import = 1

========================================================================
Received Import Request.
  Time since last request: 24.631300 seconds.
  path: Assets/_3DStealthGame/Scenes/Main.unity
  artifactKey: Guid(2fd2aeda3a6c2b64ca0187777af1b8c6) Importer(2089858483,192608db42251d675da83286b1cce702)
Start importing Assets/_3DStealthGame/Scenes/Main.unity using Guid(2fd2aeda3a6c2b64ca0187777af1b8c6) Importer(2089858483,192608db42251d675da83286b1cce702) (ScriptedImporter) -> (artifact id: '02f6a47ffcf2dcc52d616018a8be44df') in 0.0656027 seconds
Number of updated asset objects reloaded before import = 0Number of asset objects unloaded after import = 1

========================================================================
Received Import Request.
  Time since last request: 229.618278 seconds.
  path: Assets/_3DStealthGame/Scenes/Main.unity
  artifactKey: Guid(2fd2aeda3a6c2b64ca0187777af1b8c6) Importer(2089858483,192608db42251d675da83286b1cce702)
Start importing Assets/_3DStealthGame/Scenes/Main.unity using Guid(2fd2aeda3a6c2b64ca0187777af1b8c6) Importer(2089858483,192608db42251d675da83286b1cce702) (ScriptedImporter) -> (artifact id: 'ed77f0c567fef076d6006de8c1014a8a') in 0.0509683 seconds
Number of updated asset objects reloaded before import = 0Number of asset objects unloaded after import = 1

========================================================================
Received Import Request.
  Time since last request: 114.892419 seconds.
  path: Assets/_3DStealthGame/Scenes/Main.unity
  artifactKey: Guid(2fd2aeda3a6c2b64ca0187777af1b8c6) Importer(2089858483,192608db42251d675da83286b1cce702)
Start importing Assets/_3DStealthGame/Scenes/Main.unity using Guid(2fd2aeda3a6c2b64ca0187777af1b8c6) Importer(2089858483,192608db42251d675da83286b1cce702) (ScriptedImporter) -> (artifact id: '075a418f4e40133002f4666dfb54e4d8') in 0.0368786 seconds
Number of updated asset objects reloaded before import = 0Number of asset objects unloaded after import = 1

========================================================================
Received Import Request.
  Time since last request: 204.658286 seconds.
  path: Assets/_3DStealthGame/Tutorial_Demo/Demo_UI/Demo_MainMenu.uxml
  artifactKey: Guid(aee4b1576bc05a248bffaa75a98393e9) Importer(815301076,1909f56bfc062723c751e8b465ee728b)
Start importing Assets/_3DStealthGame/Tutorial_Demo/Demo_UI/Demo_MainMenu.uxml using Guid(aee4b1576bc05a248bffaa75a98393e9) Importer(815301076,1909f56bfc062723c751e8b465ee728b) (PreviewImporter) -> (artifact id: 'e1d7292e8f4bf9ff4862ba7eb22fb4bb') in 1.0991764 seconds
Number of updated asset objects reloaded before import = 0Number of asset objects unloaded after import = 9

========================================================================
Received Import Request.
  Time since last request: 0.000067 seconds.
  path: Assets/_3DStealthGame/UI/MainUI.uxml
  artifactKey: Guid(63be7f5e4cd69ac47aad97c3e6799595) Importer(815301076,1909f56bfc062723c751e8b465ee728b)
Start importing Assets/_3DStealthGame/UI/MainUI.uxml using Guid(63be7f5e4cd69ac47aad97c3e6799595) Importer(815301076,1909f56bfc062723c751e8b465ee728b) (PreviewImporter) -> (artifact id: '9a3cfce8165c360f956a06b4c3081e82') in 0.0037987 seconds
Number of updated asset objects reloaded before import = 0Number of asset objects unloaded after import = 4

========================================================================
Received Import Request.
  Time since last request: 0.000119 seconds.
  path: Assets/_3DStealthGame/Tutorial_Demo/Demo_UI/Demo_MainUI.uxml
  artifactKey: Guid(7e2d5979d4ed84acca8079063bfc72b8) Importer(815301076,1909f56bfc062723c751e8b465ee728b)
Start importing Assets/_3DStealthGame/Tutorial_Demo/Demo_UI/Demo_MainUI.uxml using Guid(7e2d5979d4ed84acca8079063bfc72b8) Importer(815301076,1909f56bfc062723c751e8b465ee728b) (PreviewImporter) -> (artifact id: '16313b59cd8c94c207ee3f72ef95d352') in 0.0174446 seconds
Number of updated asset objects reloaded before import = 0Number of asset objects unloaded after import = 6

========================================================================
Received Import Request.
  Time since last request: 67.383748 seconds.
  path: Assets/_3DStealthGame/Art/Textures/UI/Caught Screen.png
  artifactKey: Guid(2942309166a418a4c8ac2d569a8b14b9) Importer(815301076,1909f56bfc062723c751e8b465ee728b)
Start importing Assets/_3DStealthGame/Art/Textures/UI/Caught Screen.png using Guid(2942309166a418a4c8ac2d569a8b14b9) Importer(815301076,1909f56bfc062723c751e8b465ee728b) (PreviewImporter) -> (artifact id: '76a2c12c4b03dc107b5a1fd2ac812152') in 2.2275337 seconds
Number of updated asset objects reloaded before import = 0Number of asset objects unloaded after import = 3

========================================================================
Received Import Request.
  Time since last request: 0.000070 seconds.
  path: Assets/_3DStealthGame/Art/Textures/VFX/DustMote.png
  artifactKey: Guid(394e93ce356b57344903a08ff72fcab2) Importer(815301076,1909f56bfc062723c751e8b465ee728b)
Start importing Assets/_3DStealthGame/Art/Textures/VFX/DustMote.png using Guid(394e93ce356b57344903a08ff72fcab2) Importer(815301076,1909f56bfc062723c751e8b465ee728b) (PreviewImporter) -> (artifact id: 'f320b8b03163b7bea273580f70355118') in 0.1588985 seconds
Number of updated asset objects reloaded before import = 0Number of asset objects unloaded after import = 3

========================================================================
Received Import Request.
  Time since last request: 0.000063 seconds.
  path: Assets/_3DStealthGame/Art/Textures/UI/UIButton.png
  artifactKey: Guid(3921483cfbad6404dbef99bc420bfa15) Importer(815301076,1909f56bfc062723c751e8b465ee728b)
Start importing Assets/_3DStealthGame/Art/Textures/UI/UIButton.png using Guid(3921483cfbad6404dbef99bc420bfa15) Importer(815301076,1909f56bfc062723c751e8b465ee728b) (PreviewImporter) -> (artifact id: '99cf0dc95f9b1844ad9ebbe6049d1328') in 0.0732154 seconds
Number of updated asset objects reloaded before import = 0Number of asset objects unloaded after import = 3

========================================================================
Received Import Request.
  Time since last request: 0.000084 seconds.
  path: Assets/_3DStealthGame/Art/Textures/UI/Won Screen.png
  artifactKey: Guid(3db33661dbbdaaa49ba54408899d20cb) Importer(815301076,1909f56bfc062723c751e8b465ee728b)
Start importing Assets/_3DStealthGame/Art/Textures/UI/Won Screen.png using Guid(3db33661dbbdaaa49ba54408899d20cb) Importer(815301076,1909f56bfc062723c751e8b465ee728b) (PreviewImporter) -> (artifact id: '7904394a91c56ef1ff87bd7306587111') in 0.1347316 seconds
Number of updated asset objects reloaded before import = 0Number of asset objects unloaded after import = 3

========================================================================
Received Import Request.
  Time since last request: 80.151543 seconds.
  path: Assets/_3DStealthGame/Scenes/Main.unity
  artifactKey: Guid(2fd2aeda3a6c2b64ca0187777af1b8c6) Importer(2089858483,192608db42251d675da83286b1cce702)
Start importing Assets/_3DStealthGame/Scenes/Main.unity using Guid(2fd2aeda3a6c2b64ca0187777af1b8c6) Importer(2089858483,192608db42251d675da83286b1cce702) (ScriptedImporter) -> (artifact id: '8273f54557763201667ca53d5acf02b4') in 0.0420815 seconds
Number of updated asset objects reloaded before import = 0Number of asset objects unloaded after import = 1

========================================================================
Received Prepare
'Packages/com.unity.cinemachine/Editor/Obsolete/CinemachineVirtualCameraBaseEditor.cs' contains partial class of Unity.Object, exactly 1 of the partial classes needs to be in a file with the same filename. This is to know the one that can be referenced from ie. GameObjects
'Packages/com.unity.cinemachine/Editor/Editors/CinemachineVirtualCameraBaseEditor.cs' contains partial class of Unity.Object, exactly 1 of the partial classes needs to be in a file with the same filename. This is to know the one that can be referenced from ie. GameObjects
Refreshing native plugins compatible for Editor in 4.90 ms, found 7 plugins.
Preloading 0 native plugins for Editor in 0.00 ms.
Unloading 67 Unused Serialized files (Serialized files now loaded: 0)
Unloading 8097 unused Assets / (22.6 MB). Loaded Objects now: 9050.
Memory consumption went from 187.2 MB to 164.6 MB.
Total: 26.227900 ms (FindLiveObjects: 1.369700 ms CreateObjectMapping: 1.452400 ms MarkObjects: 10.027300 ms  DeleteObjects: 13.376700 ms)

Prepare: number of updated asset objects reloaded= 0
========================================================================
Received Import Request.
  Time since last request: 12.217200 seconds.
  path: Assets/_3DStealthGame/Scripts/GameEnding.cs
  artifactKey: Guid(7075c3dc713108b4ba7124787ff749b1) Importer(2089858483,192608db42251d675da83286b1cce702)
Start importing Assets/_3DStealthGame/Scripts/GameEnding.cs using Guid(7075c3dc713108b4ba7124787ff749b1) Importer(2089858483,192608db42251d675da83286b1cce702) (ScriptedImporter) -> (artifact id: '05dbcbcaa3f4d589364048a1303099ab') in 0.1350627 seconds
Number of updated asset objects reloaded before import = 0Number of asset objects unloaded after import = 0

========================================================================
Received Import Request.
  Time since last request: 0.798080 seconds.
  path: Assets/_3DStealthGame/Scripts/GameEnding.cs
  artifactKey: Guid(7075c3dc713108b4ba7124787ff749b1) Importer(815301076,1909f56bfc062723c751e8b465ee728b)
Start importing Assets/_3DStealthGame/Scripts/GameEnding.cs using Guid(7075c3dc713108b4ba7124787ff749b1) Importer(815301076,1909f56bfc062723c751e8b465ee728b) (PreviewImporter) -> (artifact id: 'e2c810d56f65c1f66d6aa9d89ae4b242') in 0.0018966 seconds
Number of updated asset objects reloaded before import = 0Number of asset objects unloaded after import = 0

========================================================================
Received Prepare
Assembly reference Packages/com.unity.cinemachine/Editor/Samples/ExposeHDRPInternals/HDRP-Editor-ref.asmref has no target assembly definition
Assembly reference Packages/com.unity.cinemachine/Editor/Samples/ExposeHDRPInternals/HDRP-Editor-ref.asmref has no target assembly definition
Begin MonoManager ReloadAssembly
Duplicate assembly 'System.Runtime.CompilerServices.Unsafe.dll' with different versions detected, using 'Packages/com.unity.collections/Unity.Collections.Tests/System.Runtime.CompilerServices.Unsafe/System.Runtime.CompilerServices.Unsafe.dll, AssemblyName=System.Runtime.CompilerServices.Unsafe, Version=6.0.0.0, Culture=neutral, PublicKeyToken=b03f5f7f11d50a3a' and ignoring 'Packages/com.unity.ai.assistant/Plugins/Markdig/Dependencies/System.Runtime.CompilerServices.Unsafe.dll, AssemblyName=System.Runtime.CompilerServices.Unsafe, Version=4.0.6.0, Culture=neutral, PublicKeyToken=b03f5f7f11d50a3a'.Symbol file LoadedFromMemory is not a mono symbol file
Symbol file LoadedFromMemory is not a mono symbol file
- Loaded All Assemblies, in  3.638 seconds
Assembly reference Packages/com.unity.cinemachine/Editor/Samples/ExposeHDRPInternals/HDRP-Editor-ref.asmref has no target assembly definition
'Packages/com.unity.cinemachine/Editor/Obsolete/CinemachineVirtualCameraBaseEditor.cs' contains partial class of Unity.Object, exactly 1 of the partial classes needs to be in a file with the same filename. This is to know the one that can be referenced from ie. GameObjects
'Packages/com.unity.cinemachine/Editor/Editors/CinemachineVirtualCameraBaseEditor.cs' contains partial class of Unity.Object, exactly 1 of the partial classes needs to be in a file with the same filename. This is to know the one that can be referenced from ie. GameObjects
Refreshing native plugins compatible for Editor in 8.84 ms, found 7 plugins.
Native extension for UWP target not found
Native extension for WindowsStandalone target not found
Native extension for WebGL target not found
Assembly reference Packages/com.unity.cinemachine/Editor/Samples/ExposeHDRPInternals/HDRP-Editor-ref.asmref has no target assembly definition
[Package Manager] Failed to launch server process. Reason: Unity was launched with the -noUpm command-line argument
[Package Manager] Unable to send message (not connected to server process).
[Package Manager] Cannot connect to Unity Package Manager local server
Mono: successfully reloaded assembly
- Finished resetting the current domain, in  4.724 seconds
Domain Reload Profiling: 8371ms
	BeginReloadAssembly (1056ms)
		ExecutionOrderSort (0ms)
		DisableScriptedObjects (33ms)
		BackupInstance (0ms)
		ReleaseScriptingObjects (1ms)
		CreateAndSetChildDomain (302ms)
	RebuildCommonClasses (133ms)
	RebuildNativeTypeToScriptingClass (40ms)
	initialDomainReloadingComplete (109ms)
	LoadAllAssembliesAndSetupDomain (2308ms)
		LoadAssemblies (1434ms)
		RebuildTransferFunctionScriptingTraits (0ms)
		AnalyzeDomain (1227ms)
			TypeCache.Refresh (31ms)
				TypeCache.ScanAssembly (1ms)
			BuildScriptInfoCaches (1117ms)
			ResolveRequiredComponents (65ms)
	FinalizeReload (4725ms)
		ReleaseScriptCaches (0ms)
		RebuildScriptCaches (0ms)
		SetupLoadedEditorAssemblies (3822ms)
			LogAssemblyErrors (0ms)
			InitializePlatformSupportModulesInManaged (8ms)
			SetLoadedEditorAssemblies (9ms)
			BeforeProcessingInitializeOnLoad (916ms)
			ProcessInitializeOnLoadAttributes (2198ms)
			ProcessInitializeOnLoadMethodAttributes (677ms)
			AfterProcessingInitializeOnLoad (13ms)
			EditorAssembliesLoaded (1ms)
		ExecutionOrderSort2 (0ms)
		AwakeInstancesAfterBackupRestoration (56ms)
Refreshing native plugins compatible for Editor in 15.91 ms, found 7 plugins.
Preloading 0 native plugins for Editor in 0.00 ms.
Unloading 67 Unused Serialized files (Serialized files now loaded: 0)
Unloading 8116 unused Assets / (19.8 MB). Loaded Objects now: 9051.
Memory consumption went from 186.7 MB to 166.9 MB.
Total: 52.700900 ms (FindLiveObjects: 2.346500 ms CreateObjectMapping: 3.097800 ms MarkObjects: 19.717200 ms  DeleteObjects: 27.537100 ms)

Prepare: number of updated asset objects reloaded= 0
========================================================================
Received Import Request.
  Time since last request: 45.352275 seconds.
  path: Assets/_3DStealthGame/Scripts/GameEnding.cs
  artifactKey: Guid(7075c3dc713108b4ba7124787ff749b1) Importer(815301076,1909f56bfc062723c751e8b465ee728b)
Start importing Assets/_3DStealthGame/Scripts/GameEnding.cs using Guid(7075c3dc713108b4ba7124787ff749b1) Importer(815301076,1909f56bfc062723c751e8b465ee728b) (PreviewImporter) -> (artifact id: '9071f8f88944d43d7df141c982858fec') in 0.0074544 seconds
Number of updated asset objects reloaded before import = 0Number of asset objects unloaded after import = 0

========================================================================
Received Prepare
Assembly reference Packages/com.unity.cinemachine/Editor/Samples/ExposeHDRPInternals/HDRP-Editor-ref.asmref has no target assembly definition
Assembly reference Packages/com.unity.cinemachine/Editor/Samples/ExposeHDRPInternals/HDRP-Editor-ref.asmref has no target assembly definition
Begin MonoManager ReloadAssembly
Duplicate assembly 'System.Runtime.CompilerServices.Unsafe.dll' with different versions detected, using 'Packages/com.unity.collections/Unity.Collections.Tests/System.Runtime.CompilerServices.Unsafe/System.Runtime.CompilerServices.Unsafe.dll, AssemblyName=System.Runtime.CompilerServices.Unsafe, Version=6.0.0.0, Culture=neutral, PublicKeyToken=b03f5f7f11d50a3a' and ignoring 'Packages/com.unity.ai.assistant/Plugins/Markdig/Dependencies/System.Runtime.CompilerServices.Unsafe.dll, AssemblyName=System.Runtime.CompilerServices.Unsafe, Version=4.0.6.0, Culture=neutral, PublicKeyToken=b03f5f7f11d50a3a'.Symbol file LoadedFromMemory is not a mono symbol file
Symbol file LoadedFromMemory is not a mono symbol file
- Loaded All Assemblies, in  5.038 seconds
Assembly reference Packages/com.unity.cinemachine/Editor/Samples/ExposeHDRPInternals/HDRP-Editor-ref.asmref has no target assembly definition
'Packages/com.unity.cinemachine/Editor/Obsolete/CinemachineVirtualCameraBaseEditor.cs' contains partial class of Unity.Object, exactly 1 of the partial classes needs to be in a file with the same filename. This is to know the one that can be referenced from ie. GameObjects
'Packages/com.unity.cinemachine/Editor/Editors/CinemachineVirtualCameraBaseEditor.cs' contains partial class of Unity.Object, exactly 1 of the partial classes needs to be in a file with the same filename. This is to know the one that can be referenced from ie. GameObjects
Refreshing native plugins compatible for Editor in 22.82 ms, found 7 plugins.
Native extension for UWP target not found
Native extension for WindowsStandalone target not found
Native extension for WebGL target not found
Assembly reference Packages/com.unity.cinemachine/Editor/Samples/ExposeHDRPInternals/HDRP-Editor-ref.asmref has no target assembly definition
[Package Manager] Failed to launch server process. Reason: Unity was launched with the -noUpm command-line argument
[Package Manager] Unable to send message (not connected to server process).
[Package Manager] Cannot connect to Unity Package Manager local server
Mono: successfully reloaded assembly
- Finished resetting the current domain, in  4.528 seconds
Domain Reload Profiling: 9568ms
	BeginReloadAssembly (1720ms)
		ExecutionOrderSort (0ms)
		DisableScriptedObjects (19ms)
		BackupInstance (0ms)
		ReleaseScriptingObjects (1ms)
		CreateAndSetChildDomain (252ms)
	RebuildCommonClasses (144ms)
	RebuildNativeTypeToScriptingClass (64ms)
	initialDomainReloadingComplete (244ms)
	LoadAllAssembliesAndSetupDomain (2867ms)
		LoadAssemblies (2719ms)
		RebuildTransferFunctionScriptingTraits (0ms)
		AnalyzeDomain (1366ms)
			TypeCache.Refresh (32ms)
				TypeCache.ScanAssembly (1ms)
			BuildScriptInfoCaches (1264ms)
			ResolveRequiredComponents (54ms)
	FinalizeReload (4529ms)
		ReleaseScriptCaches (0ms)
		RebuildScriptCaches (0ms)
		SetupLoadedEditorAssemblies (3743ms)
			LogAssemblyErrors (0ms)
			InitializePlatformSupportModulesInManaged (10ms)
			SetLoadedEditorAssemblies (14ms)
			BeforeProcessingInitializeOnLoad (996ms)
			ProcessInitializeOnLoadAttributes (2150ms)
			ProcessInitializeOnLoadMethodAttributes (559ms)
			AfterProcessingInitializeOnLoad (13ms)
			EditorAssembliesLoaded (2ms)
		ExecutionOrderSort2 (0ms)
		AwakeInstancesAfterBackupRestoration (59ms)
Refreshing native plugins compatible for Editor in 29.48 ms, found 7 plugins.
Preloading 0 native plugins for Editor in 0.00 ms.
Unloading 67 Unused Serialized files (Serialized files now loaded: 0)
Unloading 8116 unused Assets / (19.9 MB). Loaded Objects now: 9053.
Memory consumption went from 186.7 MB to 166.8 MB.
Total: 45.128700 ms (FindLiveObjects: 2.002600 ms CreateObjectMapping: 2.693100 ms MarkObjects: 19.507100 ms  DeleteObjects: 20.923400 ms)

Prepare: number of updated asset objects reloaded= 0
========================================================================
Received Import Request.
  Time since last request: 447.451938 seconds.
  path: Assets/_3DStealthGame/Scripts/GameEnding.cs
  artifactKey: Guid(7075c3dc713108b4ba7124787ff749b1) Importer(2089858483,192608db42251d675da83286b1cce702)
Start importing Assets/_3DStealthGame/Scripts/GameEnding.cs using Guid(7075c3dc713108b4ba7124787ff749b1) Importer(2089858483,192608db42251d675da83286b1cce702) (ScriptedImporter) -> (artifact id: 'be80754b53c54f2ee0ca1bd4dcce2856') in 0.6314898 seconds
Number of updated asset objects reloaded before import = 0Number of asset objects unloaded after import = 0

========================================================================
Received Import Request.
  Time since last request: 22.410127 seconds.
  path: Assets/_3DStealthGame/Scenes/Main.unity
  artifactKey: Guid(2fd2aeda3a6c2b64ca0187777af1b8c6) Importer(2089858483,192608db42251d675da83286b1cce702)
Start importing Assets/_3DStealthGame/Scenes/Main.unity using Guid(2fd2aeda3a6c2b64ca0187777af1b8c6) Importer(2089858483,192608db42251d675da83286b1cce702) (ScriptedImporter) -> (artifact id: '61922238660d937ac1970a9caa3a56f2') in 0.1809441 seconds
Number of updated asset objects reloaded before import = 0Number of asset objects unloaded after import = 1

========================================================================
Received Prepare
Assembly reference Packages/com.unity.cinemachine/Editor/Samples/ExposeHDRPInternals/HDRP-Editor-ref.asmref has no target assembly definition
Assembly reference Packages/com.unity.cinemachine/Editor/Samples/ExposeHDRPInternals/HDRP-Editor-ref.asmref has no target assembly definition
Begin MonoManager ReloadAssembly
Duplicate assembly 'System.Runtime.CompilerServices.Unsafe.dll' with different versions detected, using 'Packages/com.unity.collections/Unity.Collections.Tests/System.Runtime.CompilerServices.Unsafe/System.Runtime.CompilerServices.Unsafe.dll, AssemblyName=System.Runtime.CompilerServices.Unsafe, Version=6.0.0.0, Culture=neutral, PublicKeyToken=b03f5f7f11d50a3a' and ignoring 'Packages/com.unity.ai.assistant/Plugins/Markdig/Dependencies/System.Runtime.CompilerServices.Unsafe.dll, AssemblyName=System.Runtime.CompilerServices.Unsafe, Version=4.0.6.0, Culture=neutral, PublicKeyToken=b03f5f7f11d50a3a'.Symbol file LoadedFromMemory is not a mono symbol file
Symbol file LoadedFromMemory is not a mono symbol file
- Loaded All Assemblies, in  2.502 seconds
Assembly reference Packages/com.unity.cinemachine/Editor/Samples/ExposeHDRPInternals/HDRP-Editor-ref.asmref has no target assembly definition
'Packages/com.unity.cinemachine/Editor/Obsolete/CinemachineVirtualCameraBaseEditor.cs' contains partial class of Unity.Object, exactly 1 of the partial classes needs to be in a file with the same filename. This is to know the one that can be referenced from ie. GameObjects
'Packages/com.unity.cinemachine/Editor/Editors/CinemachineVirtualCameraBaseEditor.cs' contains partial class of Unity.Object, exactly 1 of the partial classes needs to be in a file with the same filename. This is to know the one that can be referenced from ie. GameObjects
Refreshing native plugins compatible for Editor in 8.41 ms, found 7 plugins.
Native extension for UWP target not found
Native extension for WindowsStandalone target not found
Native extension for WebGL target not found
Assembly reference Packages/com.unity.cinemachine/Editor/Samples/ExposeHDRPInternals/HDRP-Editor-ref.asmref has no target assembly definition
[Package Manager] Failed to launch server process. Reason: Unity was launched with the -noUpm command-line argument
[Package Manager] Unable to send message (not connected to server process).
[Package Manager] Cannot connect to Unity Package Manager local server
Mono: successfully reloaded assembly
- Finished resetting the current domain, in  3.786 seconds
Domain Reload Profiling: 6291ms
	BeginReloadAssembly (596ms)
		ExecutionOrderSort (0ms)
		DisableScriptedObjects (17ms)
		BackupInstance (0ms)
		ReleaseScriptingObjects (0ms)
		CreateAndSetChildDomain (208ms)
	RebuildCommonClasses (85ms)
	RebuildNativeTypeToScriptingClass (37ms)
	initialDomainReloadingComplete (70ms)
	LoadAllAssembliesAndSetupDomain (1715ms)
		LoadAssemblies (1072ms)
		RebuildTransferFunctionScriptingTraits (0ms)
		AnalyzeDomain (890ms)
			TypeCache.Refresh (21ms)
				TypeCache.ScanAssembly (0ms)
			BuildScriptInfoCaches (820ms)
			ResolveRequiredComponents (38ms)
	FinalizeReload (3788ms)
		ReleaseScriptCaches (0ms)
		RebuildScriptCaches (0ms)
		SetupLoadedEditorAssemblies (3292ms)
			LogAssemblyErrors (0ms)
			InitializePlatformSupportModulesInManaged (5ms)
			SetLoadedEditorAssemblies (9ms)
			BeforeProcessingInitializeOnLoad (506ms)
			ProcessInitializeOnLoadAttributes (1879ms)
			ProcessInitializeOnLoadMethodAttributes (872ms)
			AfterProcessingInitializeOnLoad (19ms)
			EditorAssembliesLoaded (3ms)
		ExecutionOrderSort2 (0ms)
		AwakeInstancesAfterBackupRestoration (86ms)
Refreshing native plugins compatible for Editor in 25.79 ms, found 7 plugins.
Preloading 0 native plugins for Editor in 0.00 ms.
Unloading 67 Unused Serialized files (Serialized files now loaded: 0)
Unloading 8116 unused Assets / (15.8 MB). Loaded Objects now: 9055.
Memory consumption went from 186.8 MB to 170.9 MB.
Total: 201.544300 ms (FindLiveObjects: 9.341900 ms CreateObjectMapping: 15.041200 ms MarkObjects: 66.692900 ms  DeleteObjects: 110.465800 ms)

Prepare: number of updated asset objects reloaded= 0
========================================================================
Received Import Request.
  Time since last request: 188.269694 seconds.
  path: Assets/_3DStealthGame/Scenes/Main.unity
  artifactKey: Guid(2fd2aeda3a6c2b64ca0187777af1b8c6) Importer(2089858483,192608db42251d675da83286b1cce702)
Start importing Assets/_3DStealthGame/Scenes/Main.unity using Guid(2fd2aeda3a6c2b64ca0187777af1b8c6) Importer(2089858483,192608db42251d675da83286b1cce702) (ScriptedImporter) -> (artifact id: '7609d75e29888b3eae82558a9339a145') in 0.5998882 seconds
Number of updated asset objects reloaded before import = 0Number of asset objects unloaded after import = 1

========================================================================
Received Prepare
Assembly reference Packages/com.unity.cinemachine/Editor/Samples/ExposeHDRPInternals/HDRP-Editor-ref.asmref has no target assembly definition
Assembly reference Packages/com.unity.cinemachine/Editor/Samples/ExposeHDRPInternals/HDRP-Editor-ref.asmref has no target assembly definition
Begin MonoManager ReloadAssembly
Duplicate assembly 'System.Runtime.CompilerServices.Unsafe.dll' with different versions detected, using 'Packages/com.unity.collections/Unity.Collections.Tests/System.Runtime.CompilerServices.Unsafe/System.Runtime.CompilerServices.Unsafe.dll, AssemblyName=System.Runtime.CompilerServices.Unsafe, Version=6.0.0.0, Culture=neutral, PublicKeyToken=b03f5f7f11d50a3a' and ignoring 'Packages/com.unity.ai.assistant/Plugins/Markdig/Dependencies/System.Runtime.CompilerServices.Unsafe.dll, AssemblyName=System.Runtime.CompilerServices.Unsafe, Version=4.0.6.0, Culture=neutral, PublicKeyToken=b03f5f7f11d50a3a'.Symbol file LoadedFromMemory is not a mono symbol file
Symbol file LoadedFromMemory is not a mono symbol file
- Loaded All Assemblies, in  3.729 seconds
Assembly reference Packages/com.unity.cinemachine/Editor/Samples/ExposeHDRPInternals/HDRP-Editor-ref.asmref has no target assembly definition
'Packages/com.unity.cinemachine/Editor/Obsolete/CinemachineVirtualCameraBaseEditor.cs' contains partial class of Unity.Object, exactly 1 of the partial classes needs to be in a file with the same filename. This is to know the one that can be referenced from ie. GameObjects
'Packages/com.unity.cinemachine/Editor/Editors/CinemachineVirtualCameraBaseEditor.cs' contains partial class of Unity.Object, exactly 1 of the partial classes needs to be in a file with the same filename. This is to know the one that can be referenced from ie. GameObjects
Refreshing native plugins compatible for Editor in 12.20 ms, found 7 plugins.
Native extension for UWP target not found
Native extension for WindowsStandalone target not found
Native extension for WebGL target not found
Assembly reference Packages/com.unity.cinemachine/Editor/Samples/ExposeHDRPInternals/HDRP-Editor-ref.asmref has no target assembly definition
[Package Manager] Failed to launch server process. Reason: Unity was launched with the -noUpm command-line argument
[Package Manager] Unable to send message (not connected to server process).
[Package Manager] Cannot connect to Unity Package Manager local server
Mono: successfully reloaded assembly
- Finished resetting the current domain, in  3.463 seconds
Domain Reload Profiling: 7215ms
	BeginReloadAssembly (791ms)
		ExecutionOrderSort (0ms)
		DisableScriptedObjects (16ms)
		BackupInstance (0ms)
		ReleaseScriptingObjects (1ms)
		CreateAndSetChildDomain (182ms)
	RebuildCommonClasses (200ms)
	RebuildNativeTypeToScriptingClass (72ms)
	initialDomainReloadingComplete (140ms)
	LoadAllAssembliesAndSetupDomain (2547ms)
		LoadAssemblies (1921ms)
		RebuildTransferFunctionScriptingTraits (0ms)
		AnalyzeDomain (1067ms)
			TypeCache.Refresh (25ms)
				TypeCache.ScanAssembly (1ms)
			BuildScriptInfoCaches (947ms)
			ResolveRequiredComponents (73ms)
	FinalizeReload (3464ms)
		ReleaseScriptCaches (0ms)
		RebuildScriptCaches (0ms)
		SetupLoadedEditorAssemblies (2894ms)
			LogAssemblyErrors (0ms)
			InitializePlatformSupportModulesInManaged (7ms)
			SetLoadedEditorAssemblies (12ms)
			BeforeProcessingInitializeOnLoad (782ms)
			ProcessInitializeOnLoadAttributes (1531ms)
			ProcessInitializeOnLoadMethodAttributes (551ms)
			AfterProcessingInitializeOnLoad (11ms)
			EditorAssembliesLoaded (1ms)
		ExecutionOrderSort2 (1ms)
		AwakeInstancesAfterBackupRestoration (56ms)
Refreshing native plugins compatible for Editor in 11.47 ms, found 7 plugins.
Preloading 0 native plugins for Editor in 0.00 ms.
Unloading 67 Unused Serialized files (Serialized files now loaded: 0)
Unloading 8116 unused Assets / (19.3 MB). Loaded Objects now: 9057.
Memory consumption went from 186.8 MB to 167.4 MB.
Total: 41.062300 ms (FindLiveObjects: 1.612700 ms CreateObjectMapping: 2.744400 ms MarkObjects: 16.486700 ms  DeleteObjects: 20.216200 ms)

Prepare: number of updated asset objects reloaded= 0
========================================================================
Received Import Request.
  Time since last request: 264.913953 seconds.
  path: Assets/_3DStealthGame/Scripts/Observer.cs
  artifactKey: Guid(4495d5c7808006949918263b45207228) Importer(815301076,1909f56bfc062723c751e8b465ee728b)
Start importing Assets/_3DStealthGame/Scripts/Observer.cs using Guid(4495d5c7808006949918263b45207228) Importer(815301076,1909f56bfc062723c751e8b465ee728b) (PreviewImporter) -> (artifact id: 'd48201e815b3de6ef1eab3e500c87431') in 0.0546702 seconds
Number of updated asset objects reloaded before import = 0Number of asset objects unloaded after import = 0

========================================================================
Received Import Request.
  Time since last request: 0.000070 seconds.
  path: Assets/_3DStealthGame/Scripts/Observer.cs
  artifactKey: Guid(4495d5c7808006949918263b45207228) Importer(2089858483,192608db42251d675da83286b1cce702)
Start importing Assets/_3DStealthGame/Scripts/Observer.cs using Guid(4495d5c7808006949918263b45207228) Importer(2089858483,192608db42251d675da83286b1cce702) (ScriptedImporter) -> (artifact id: '193f73e268fecdb8f218190d2e914cfe') in 0.5708154 seconds
Number of updated asset objects reloaded before import = 0Number of asset objects unloaded after import = 0

========================================================================
Received Import Request.
  Time since last request: 36.508487 seconds.
  path: Assets/_3DStealthGame/Scenes/Main.unity
  artifactKey: Guid(2fd2aeda3a6c2b64ca0187777af1b8c6) Importer(2089858483,192608db42251d675da83286b1cce702)
Start importing Assets/_3DStealthGame/Scenes/Main.unity using Guid(2fd2aeda3a6c2b64ca0187777af1b8c6) Importer(2089858483,192608db42251d675da83286b1cce702) (ScriptedImporter) -> (artifact id: 'e105dbe3a61999be520f9857d99bcb62') in 0.0384292 seconds
Number of updated asset objects reloaded before import = 0Number of asset objects unloaded after import = 1

========================================================================
Received Prepare
Assembly reference Packages/com.unity.cinemachine/Editor/Samples/ExposeHDRPInternals/HDRP-Editor-ref.asmref has no target assembly definition
Assembly reference Packages/com.unity.cinemachine/Editor/Samples/ExposeHDRPInternals/HDRP-Editor-ref.asmref has no target assembly definition
Begin MonoManager ReloadAssembly
Duplicate assembly 'System.Runtime.CompilerServices.Unsafe.dll' with different versions detected, using 'Packages/com.unity.collections/Unity.Collections.Tests/System.Runtime.CompilerServices.Unsafe/System.Runtime.CompilerServices.Unsafe.dll, AssemblyName=System.Runtime.CompilerServices.Unsafe, Version=6.0.0.0, Culture=neutral, PublicKeyToken=b03f5f7f11d50a3a' and ignoring 'Packages/com.unity.ai.assistant/Plugins/Markdig/Dependencies/System.Runtime.CompilerServices.Unsafe.dll, AssemblyName=System.Runtime.CompilerServices.Unsafe, Version=4.0.6.0, Culture=neutral, PublicKeyToken=b03f5f7f11d50a3a'.Symbol file LoadedFromMemory is not a mono symbol file
Symbol file LoadedFromMemory is not a mono symbol file
- Loaded All Assemblies, in  2.854 seconds
Assembly reference Packages/com.unity.cinemachine/Editor/Samples/ExposeHDRPInternals/HDRP-Editor-ref.asmref has no target assembly definition
'Packages/com.unity.cinemachine/Editor/Obsolete/CinemachineVirtualCameraBaseEditor.cs' contains partial class of Unity.Object, exactly 1 of the partial classes needs to be in a file with the same filename. This is to know the one that can be referenced from ie. GameObjects
'Packages/com.unity.cinemachine/Editor/Editors/CinemachineVirtualCameraBaseEditor.cs' contains partial class of Unity.Object, exactly 1 of the partial classes needs to be in a file with the same filename. This is to know the one that can be referenced from ie. GameObjects
Refreshing native plugins compatible for Editor in 13.90 ms, found 7 plugins.
Native extension for UWP target not found
Native extension for WindowsStandalone target not found
Native extension for WebGL target not found
Assembly reference Packages/com.unity.cinemachine/Editor/Samples/ExposeHDRPInternals/HDRP-Editor-ref.asmref has no target assembly definition
[Package Manager] Failed to launch server process. Reason: Unity was launched with the -noUpm command-line argument
[Package Manager] Unable to send message (not connected to server process).
[Package Manager] Cannot connect to Unity Package Manager local server
Mono: successfully reloaded assembly
- Finished resetting the current domain, in  6.357 seconds
Domain Reload Profiling: 9217ms
	BeginReloadAssembly (624ms)
		ExecutionOrderSort (0ms)
		DisableScriptedObjects (15ms)
		BackupInstance (0ms)
		ReleaseScriptingObjects (0ms)
		CreateAndSetChildDomain (219ms)
	RebuildCommonClasses (95ms)
	RebuildNativeTypeToScriptingClass (36ms)
	initialDomainReloadingComplete (81ms)
	LoadAllAssembliesAndSetupDomain (2021ms)
		LoadAssemblies (1391ms)
		RebuildTransferFunctionScriptingTraits (0ms)
		AnalyzeDomain (893ms)
			TypeCache.Refresh (18ms)
				TypeCache.ScanAssembly (0ms)
			BuildScriptInfoCaches (820ms)
			ResolveRequiredComponents (38ms)
	FinalizeReload (6359ms)
		ReleaseScriptCaches (0ms)
		RebuildScriptCaches (0ms)
		SetupLoadedEditorAssemblies (5698ms)
			LogAssemblyErrors (0ms)
			InitializePlatformSupportModulesInManaged (15ms)
			SetLoadedEditorAssemblies (12ms)
			BeforeProcessingInitializeOnLoad (693ms)
			ProcessInitializeOnLoadAttributes (4177ms)
			ProcessInitializeOnLoadMethodAttributes (782ms)
			AfterProcessingInitializeOnLoad (20ms)
			EditorAssembliesLoaded (1ms)
		ExecutionOrderSort2 (0ms)
		AwakeInstancesAfterBackupRestoration (122ms)
Refreshing native plugins compatible for Editor in 19.50 ms, found 7 plugins.
Preloading 0 native plugins for Editor in 0.00 ms.
Unloading 67 Unused Serialized files (Serialized files now loaded: 0)
Unloading 8116 unused Assets / (18.7 MB). Loaded Objects now: 9059.
Memory consumption went from 186.8 MB to 168.1 MB.
Total: 59.206800 ms (FindLiveObjects: 3.158500 ms CreateObjectMapping: 4.348000 ms MarkObjects: 18.647400 ms  DeleteObjects: 33.049300 ms)

Prepare: number of updated asset objects reloaded= 0
========================================================================
Received Prepare
Assembly reference Packages/com.unity.cinemachine/Editor/Samples/ExposeHDRPInternals/HDRP-Editor-ref.asmref has no target assembly definition
Assembly reference Packages/com.unity.cinemachine/Editor/Samples/ExposeHDRPInternals/HDRP-Editor-ref.asmref has no target assembly definition
Begin MonoManager ReloadAssembly
Duplicate assembly 'System.Runtime.CompilerServices.Unsafe.dll' with different versions detected, using 'Packages/com.unity.collections/Unity.Collections.Tests/System.Runtime.CompilerServices.Unsafe/System.Runtime.CompilerServices.Unsafe.dll, AssemblyName=System.Runtime.CompilerServices.Unsafe, Version=6.0.0.0, Culture=neutral, PublicKeyToken=b03f5f7f11d50a3a' and ignoring 'Packages/com.unity.ai.assistant/Plugins/Markdig/Dependencies/System.Runtime.CompilerServices.Unsafe.dll, AssemblyName=System.Runtime.CompilerServices.Unsafe, Version=4.0.6.0, Culture=neutral, PublicKeyToken=b03f5f7f11d50a3a'.Symbol file LoadedFromMemory is not a mono symbol file
Symbol file LoadedFromMemory is not a mono symbol file
- Loaded All Assemblies, in  2.383 seconds
Assembly reference Packages/com.unity.cinemachine/Editor/Samples/ExposeHDRPInternals/HDRP-Editor-ref.asmref has no target assembly definition
'Packages/com.unity.cinemachine/Editor/Obsolete/CinemachineVirtualCameraBaseEditor.cs' contains partial class of Unity.Object, exactly 1 of the partial classes needs to be in a file with the same filename. This is to know the one that can be referenced from ie. GameObjects
'Packages/com.unity.cinemachine/Editor/Editors/CinemachineVirtualCameraBaseEditor.cs' contains partial class of Unity.Object, exactly 1 of the partial classes needs to be in a file with the same filename. This is to know the one that can be referenced from ie. GameObjects
Refreshing native plugins compatible for Editor in 7.81 ms, found 7 plugins.
Native extension for UWP target not found
Native extension for WindowsStandalone target not found
Native extension for WebGL target not found
Assembly reference Packages/com.unity.cinemachine/Editor/Samples/ExposeHDRPInternals/HDRP-Editor-ref.asmref has no target assembly definition
[Package Manager] Failed to launch server process. Reason: Unity was launched with the -noUpm command-line argument
[Package Manager] Unable to send message (not connected to server process).
[Package Manager] Cannot connect to Unity Package Manager local server
Mono: successfully reloaded assembly
- Finished resetting the current domain, in  4.447 seconds
Domain Reload Profiling: 6833ms
	BeginReloadAssembly (587ms)
		ExecutionOrderSort (0ms)
		DisableScriptedObjects (24ms)
		BackupInstance (0ms)
		ReleaseScriptingObjects (0ms)
		CreateAndSetChildDomain (176ms)
	RebuildCommonClasses (92ms)
	RebuildNativeTypeToScriptingClass (30ms)
	initialDomainReloadingComplete (70ms)
	LoadAllAssembliesAndSetupDomain (1607ms)
		LoadAssemblies (1012ms)
		RebuildTransferFunctionScriptingTraits (0ms)
		AnalyzeDomain (842ms)
			TypeCache.Refresh (15ms)
				TypeCache.ScanAssembly (0ms)
			BuildScriptInfoCaches (783ms)
			ResolveRequiredComponents (32ms)
	FinalizeReload (4448ms)
		ReleaseScriptCaches (0ms)
		RebuildScriptCaches (0ms)
		SetupLoadedEditorAssemblies (3905ms)
			LogAssemblyErrors (0ms)
			InitializePlatformSupportModulesInManaged (6ms)
			SetLoadedEditorAssemblies (10ms)
			BeforeProcessingInitializeOnLoad (1152ms)
			ProcessInitializeOnLoadAttributes (1738ms)
			ProcessInitializeOnLoadMethodAttributes (983ms)
			AfterProcessingInitializeOnLoad (15ms)
			EditorAssembliesLoaded (1ms)
		ExecutionOrderSort2 (0ms)
		AwakeInstancesAfterBackupRestoration (72ms)
Refreshing native plugins compatible for Editor in 25.79 ms, found 7 plugins.
Preloading 0 native plugins for Editor in 0.00 ms.
Unloading 67 Unused Serialized files (Serialized files now loaded: 0)
Unloading 8116 unused Assets / (21.2 MB). Loaded Objects now: 9061.
Memory consumption went from 190.4 MB to 169.2 MB.
Total: 51.707000 ms (FindLiveObjects: 3.086100 ms CreateObjectMapping: 4.176800 ms MarkObjects: 18.949900 ms  DeleteObjects: 25.490100 ms)

Prepare: number of updated asset objects reloaded= 0
========================================================================
Received Import Request.
  Time since last request: 177.293639 seconds.
  path: Assets/_3DStealthGame/Scenes/Main.unity
  artifactKey: Guid(2fd2aeda3a6c2b64ca0187777af1b8c6) Importer(2089858483,192608db42251d675da83286b1cce702)
Start importing Assets/_3DStealthGame/Scenes/Main.unity using Guid(2fd2aeda3a6c2b64ca0187777af1b8c6) Importer(2089858483,192608db42251d675da83286b1cce702) (ScriptedImporter) -> (artifact id: '419796d2c3c347f049b448effd5ac94c') in 0.6255682 seconds
Number of updated asset objects reloaded before import = 0Number of asset objects unloaded after import = 1

========================================================================
Received Import Request.
  Time since last request: 1415.617377 seconds.
  path: Assets/_3DStealthGame/Audio/SFXHouseAmbience.wav
  artifactKey: Guid(205287722f2b6b64583b86d65fdeeb11) Importer(815301076,1909f56bfc062723c751e8b465ee728b)
Start importing Assets/_3DStealthGame/Audio/SFXHouseAmbience.wav using Guid(205287722f2b6b64583b86d65fdeeb11) Importer(815301076,1909f56bfc062723c751e8b465ee728b) (PreviewImporter) -> (artifact id: 'd61d15a319c310e9c90a6aab57cb45b4') in 2.387651 seconds
Number of updated asset objects reloaded before import = 0Number of asset objects unloaded after import = 2

========================================================================
Received Import Request.
  Time since last request: 20.467087 seconds.
  path: Assets/_3DStealthGame/Audio/SFXGhostMove.wav
  artifactKey: Guid(98ea14dfdb9dce74a976520f134fd1a2) Importer(815301076,1909f56bfc062723c751e8b465ee728b)
Start importing Assets/_3DStealthGame/Audio/SFXGhostMove.wav using Guid(98ea14dfdb9dce74a976520f134fd1a2) Importer(815301076,1909f56bfc062723c751e8b465ee728b) (PreviewImporter) -> (artifact id: '1f5d6c008f2c122412e9e3b563bf2ead') in 0.2701143 seconds
Number of updated asset objects reloaded before import = 0Number of asset objects unloaded after import = 2

========================================================================
Received Prepare
Assembly reference Packages/com.unity.cinemachine/Editor/Samples/ExposeHDRPInternals/HDRP-Editor-ref.asmref has no target assembly definition
Assembly reference Packages/com.unity.cinemachine/Editor/Samples/ExposeHDRPInternals/HDRP-Editor-ref.asmref has no target assembly definition
Begin MonoManager ReloadAssembly
Duplicate assembly 'System.Runtime.CompilerServices.Unsafe.dll' with different versions detected, using 'Packages/com.unity.collections/Unity.Collections.Tests/System.Runtime.CompilerServices.Unsafe/System.Runtime.CompilerServices.Unsafe.dll, AssemblyName=System.Runtime.CompilerServices.Unsafe, Version=6.0.0.0, Culture=neutral, PublicKeyToken=b03f5f7f11d50a3a' and ignoring 'Packages/com.unity.ai.assistant/Plugins/Markdig/Dependencies/System.Runtime.CompilerServices.Unsafe.dll, AssemblyName=System.Runtime.CompilerServices.Unsafe, Version=4.0.6.0, Culture=neutral, PublicKeyToken=b03f5f7f11d50a3a'.Symbol file LoadedFromMemory is not a mono symbol file
Symbol file LoadedFromMemory is not a mono symbol file
- Loaded All Assemblies, in  3.068 seconds
Assembly reference Packages/com.unity.cinemachine/Editor/Samples/ExposeHDRPInternals/HDRP-Editor-ref.asmref has no target assembly definition
'Packages/com.unity.cinemachine/Editor/Obsolete/CinemachineVirtualCameraBaseEditor.cs' contains partial class of Unity.Object, exactly 1 of the partial classes needs to be in a file with the same filename. This is to know the one that can be referenced from ie. GameObjects
'Packages/com.unity.cinemachine/Editor/Editors/CinemachineVirtualCameraBaseEditor.cs' contains partial class of Unity.Object, exactly 1 of the partial classes needs to be in a file with the same filename. This is to know the one that can be referenced from ie. GameObjects
Refreshing native plugins compatible for Editor in 26.43 ms, found 7 plugins.
Native extension for UWP target not found
Native extension for WindowsStandalone target not found
Native extension for WebGL target not found
Assembly reference Packages/com.unity.cinemachine/Editor/Samples/ExposeHDRPInternals/HDRP-Editor-ref.asmref has no target assembly definition
[Package Manager] Failed to launch server process. Reason: Unity was launched with the -noUpm command-line argument
[Package Manager] Unable to send message (not connected to server process).
[Package Manager] Cannot connect to Unity Package Manager local server
Mono: successfully reloaded assembly
- Finished resetting the current domain, in  5.929 seconds
Domain Reload Profiling: 8999ms
	BeginReloadAssembly (659ms)
		ExecutionOrderSort (0ms)
		DisableScriptedObjects (18ms)
		BackupInstance (0ms)
		ReleaseScriptingObjects (0ms)
		CreateAndSetChildDomain (192ms)
	RebuildCommonClasses (91ms)
	RebuildNativeTypeToScriptingClass (36ms)
	initialDomainReloadingComplete (84ms)
	LoadAllAssembliesAndSetupDomain (2199ms)
		LoadAssemblies (1640ms)
		RebuildTransferFunctionScriptingTraits (0ms)
		AnalyzeDomain (851ms)
			TypeCache.Refresh (13ms)
				TypeCache.ScanAssembly (0ms)
			BuildScriptInfoCaches (793ms)
			ResolveRequiredComponents (32ms)
	FinalizeReload (5931ms)
		ReleaseScriptCaches (0ms)
		RebuildScriptCaches (0ms)
		SetupLoadedEditorAssemblies (5129ms)
			LogAssemblyErrors (0ms)
			InitializePlatformSupportModulesInManaged (20ms)
			SetLoadedEditorAssemblies (23ms)
			BeforeProcessingInitializeOnLoad (1201ms)
			ProcessInitializeOnLoadAttributes (2681ms)
			ProcessInitializeOnLoadMethodAttributes (1189ms)
			AfterProcessingInitializeOnLoad (14ms)
			EditorAssembliesLoaded (1ms)
		ExecutionOrderSort2 (0ms)
		AwakeInstancesAfterBackupRestoration (93ms)
Refreshing native plugins compatible for Editor in 21.83 ms, found 7 plugins.
Preloading 0 native plugins for Editor in 0.00 ms.
Unloading 67 Unused Serialized files (Serialized files now loaded: 0)
Unloading 8116 unused Assets / (20.1 MB). Loaded Objects now: 9065.
Memory consumption went from 186.1 MB to 165.9 MB.
Total: 83.544000 ms (FindLiveObjects: 1.866900 ms CreateObjectMapping: 5.661700 ms MarkObjects: 26.011600 ms  DeleteObjects: 50.000000 ms)

Prepare: number of updated asset objects reloaded= 0
========================================================================
Received Prepare
Assembly reference Packages/com.unity.cinemachine/Editor/Samples/ExposeHDRPInternals/HDRP-Editor-ref.asmref has no target assembly definition
Assembly reference Packages/com.unity.cinemachine/Editor/Samples/ExposeHDRPInternals/HDRP-Editor-ref.asmref has no target assembly definition
Begin MonoManager ReloadAssembly
Duplicate assembly 'System.Runtime.CompilerServices.Unsafe.dll' with different versions detected, using 'Packages/com.unity.collections/Unity.Collections.Tests/System.Runtime.CompilerServices.Unsafe/System.Runtime.CompilerServices.Unsafe.dll, AssemblyName=System.Runtime.CompilerServices.Unsafe, Version=6.0.0.0, Culture=neutral, PublicKeyToken=b03f5f7f11d50a3a' and ignoring 'Packages/com.unity.ai.assistant/Plugins/Markdig/Dependencies/System.Runtime.CompilerServices.Unsafe.dll, AssemblyName=System.Runtime.CompilerServices.Unsafe, Version=4.0.6.0, Culture=neutral, PublicKeyToken=b03f5f7f11d50a3a'.Symbol file LoadedFromMemory is not a mono symbol file
Symbol file LoadedFromMemory is not a mono symbol file
- Loaded All Assemblies, in  3.036 seconds
Assembly reference Packages/com.unity.cinemachine/Editor/Samples/ExposeHDRPInternals/HDRP-Editor-ref.asmref has no target assembly definition
'Packages/com.unity.cinemachine/Editor/Obsolete/CinemachineVirtualCameraBaseEditor.cs' contains partial class of Unity.Object, exactly 1 of the partial classes needs to be in a file with the same filename. This is to know the one that can be referenced from ie. GameObjects
'Packages/com.unity.cinemachine/Editor/Editors/CinemachineVirtualCameraBaseEditor.cs' contains partial class of Unity.Object, exactly 1 of the partial classes needs to be in a file with the same filename. This is to know the one that can be referenced from ie. GameObjects
Refreshing native plugins compatible for Editor in 10.35 ms, found 7 plugins.
Native extension for UWP target not found
Native extension for WindowsStandalone target not found
Native extension for WebGL target not found
Assembly reference Packages/com.unity.cinemachine/Editor/Samples/ExposeHDRPInternals/HDRP-Editor-ref.asmref has no target assembly definition
[Package Manager] Failed to launch server process. Reason: Unity was launched with the -noUpm command-line argument
[Package Manager] Unable to send message (not connected to server process).
[Package Manager] Cannot connect to Unity Package Manager local server
Mono: successfully reloaded assembly
- Finished resetting the current domain, in  5.634 seconds
Domain Reload Profiling: 8675ms
	BeginReloadAssembly (697ms)
		ExecutionOrderSort (0ms)
		DisableScriptedObjects (15ms)
		BackupInstance (0ms)
		ReleaseScriptingObjects (0ms)
		CreateAndSetChildDomain (218ms)
	RebuildCommonClasses (108ms)
	RebuildNativeTypeToScriptingClass (50ms)
	initialDomainReloadingComplete (90ms)
	LoadAllAssembliesAndSetupDomain (2094ms)
		LoadAssemblies (1413ms)
		RebuildTransferFunctionScriptingTraits (0ms)
		AnalyzeDomain (1009ms)
			TypeCache.Refresh (15ms)
				TypeCache.ScanAssembly (0ms)
			BuildScriptInfoCaches (945ms)
			ResolveRequiredComponents (36ms)
	FinalizeReload (5636ms)
		ReleaseScriptCaches (0ms)
		RebuildScriptCaches (0ms)
		SetupLoadedEditorAssemblies (5010ms)
			LogAssemblyErrors (0ms)
			InitializePlatformSupportModulesInManaged (9ms)
			SetLoadedEditorAssemblies (21ms)
			BeforeProcessingInitializeOnLoad (832ms)
			ProcessInitializeOnLoadAttributes (2968ms)
			ProcessInitializeOnLoadMethodAttributes (1166ms)
			AfterProcessingInitializeOnLoad (14ms)
			EditorAssembliesLoaded (1ms)
		ExecutionOrderSort2 (0ms)
		AwakeInstancesAfterBackupRestoration (101ms)
Refreshing native plugins compatible for Editor in 25.09 ms, found 7 plugins.
Preloading 0 native plugins for Editor in 0.00 ms.
Unloading 67 Unused Serialized files (Serialized files now loaded: 0)
Unloading 8116 unused Assets / (20.1 MB). Loaded Objects now: 9067.
Memory consumption went from 189.7 MB to 169.5 MB.
Total: 63.088800 ms (FindLiveObjects: 2.645500 ms CreateObjectMapping: 4.748800 ms MarkObjects: 23.168600 ms  DeleteObjects: 32.523000 ms)

Prepare: number of updated asset objects reloaded= 0
========================================================================
Received Import Request.
  Time since last request: 339.369234 seconds.
  path: Assets/_3DStealthGame/Audio/SFXBuzzingLight.wav
  artifactKey: Guid(86e0f005f0b8e084698c2cf61bb6c2b6) Importer(815301076,1909f56bfc062723c751e8b465ee728b)
Start importing Assets/_3DStealthGame/Audio/SFXBuzzingLight.wav using Guid(86e0f005f0b8e084698c2cf61bb6c2b6) Importer(815301076,1909f56bfc062723c751e8b465ee728b) (PreviewImporter) -> (artifact id: 'e20f89ea1a9a5b3bc5d1f01a938a15b3') in 0.4541599 seconds
Number of updated asset objects reloaded before import = 0Number of asset objects unloaded after import = 2

========================================================================
Received Import Request.
  Time since last request: 0.000062 seconds.
  path: Assets/_3DStealthGame/Audio/SFXWin.wav
  artifactKey: Guid(c0f716a9e9ac00c438b95158ba195a58) Importer(815301076,1909f56bfc062723c751e8b465ee728b)
Start importing Assets/_3DStealthGame/Audio/SFXWin.wav using Guid(c0f716a9e9ac00c438b95158ba195a58) Importer(815301076,1909f56bfc062723c751e8b465ee728b) (PreviewImporter) -> (artifact id: '5e41eb076fd7bed1ca5e5db25269e66a') in 0.2447787 seconds
Number of updated asset objects reloaded before import = 0Number of asset objects unloaded after import = 2

========================================================================
Received Import Request.
  Time since last request: 0.000078 seconds.
  path: Assets/_3DStealthGame/Audio/SFXFootstepsLooping.wav
  artifactKey: Guid(07e520bb410492d47bf739846d70f2a3) Importer(815301076,1909f56bfc062723c751e8b465ee728b)
Start importing Assets/_3DStealthGame/Audio/SFXFootstepsLooping.wav using Guid(07e520bb410492d47bf739846d70f2a3) Importer(815301076,1909f56bfc062723c751e8b465ee728b) (PreviewImporter) -> (artifact id: 'f83e35241eb6031c90e981589a78048b') in 0.1783145 seconds
Number of updated asset objects reloaded before import = 0Number of asset objects unloaded after import = 2

========================================================================
Received Import Request.
  Time since last request: 0.000067 seconds.
  path: Assets/_3DStealthGame/Audio/SFXLose.wav
  artifactKey: Guid(2789d5ce62baaba4ab1ee8bb172304a6) Importer(815301076,1909f56bfc062723c751e8b465ee728b)
Start importing Assets/_3DStealthGame/Audio/SFXLose.wav using Guid(2789d5ce62baaba4ab1ee8bb172304a6) Importer(815301076,1909f56bfc062723c751e8b465ee728b) (PreviewImporter) -> (artifact id: '844673f1f6fd60c52074c590f3dfa593') in 0.1983168 seconds
Number of updated asset objects reloaded before import = 0Number of asset objects unloaded after import = 2

========================================================================
Received Import Request.
  Time since last request: 0.000135 seconds.
  path: Assets/_3DStealthGame/Audio/SFXCandle.wav
  artifactKey: Guid(dd7f55e125ee8f947b2f399e20aeec8c) Importer(815301076,1909f56bfc062723c751e8b465ee728b)
Start importing Assets/_3DStealthGame/Audio/SFXCandle.wav using Guid(dd7f55e125ee8f947b2f399e20aeec8c) Importer(815301076,1909f56bfc062723c751e8b465ee728b) (PreviewImporter) -> (artifact id: '5ce9595d52b1762b00a48e9b3df73d3f') in 0.332074 seconds
Number of updated asset objects reloaded before import = 0Number of asset objects unloaded after import = 2

========================================================================
Received Prepare
'Packages/com.unity.cinemachine/Editor/Obsolete/CinemachineVirtualCameraBaseEditor.cs' contains partial class of Unity.Object, exactly 1 of the partial classes needs to be in a file with the same filename. This is to know the one that can be referenced from ie. GameObjects
'Packages/com.unity.cinemachine/Editor/Editors/CinemachineVirtualCameraBaseEditor.cs' contains partial class of Unity.Object, exactly 1 of the partial classes needs to be in a file with the same filename. This is to know the one that can be referenced from ie. GameObjects
Refreshing native plugins compatible for Editor in 23.44 ms, found 7 plugins.
Preloading 0 native plugins for Editor in 0.00 ms.
Unloading 67 Unused Serialized files (Serialized files now loaded: 0)
Unloading 8097 unused Assets / (19.5 MB). Loaded Objects now: 9068.
Memory consumption went from 186.2 MB to 166.8 MB.
Total: 70.704500 ms (FindLiveObjects: 3.237900 ms CreateObjectMapping: 3.461500 ms MarkObjects: 35.810400 ms  DeleteObjects: 28.192000 ms)

Prepare: number of updated asset objects reloaded= 0
========================================================================
Received Import Request.
  Time since last request: 365.376593 seconds.
  path: Assets/_3DStealthGame/Scripts/GameEnding.cs
  artifactKey: Guid(7075c3dc713108b4ba7124787ff749b1) Importer(2089858483,192608db42251d675da83286b1cce702)
Start importing Assets/_3DStealthGame/Scripts/GameEnding.cs using Guid(7075c3dc713108b4ba7124787ff749b1) Importer(2089858483,192608db42251d675da83286b1cce702) (ScriptedImporter) -> (artifact id: '7ce8aec131f8ba147513c192b858ea58') in 0.8992144 seconds
Number of updated asset objects reloaded before import = 0Number of asset objects unloaded after import = 0

========================================================================
Received Import Request.
  Time since last request: 21.004488 seconds.
  path: Assets/_3DStealthGame/Scenes/Main.unity
  artifactKey: Guid(2fd2aeda3a6c2b64ca0187777af1b8c6) Importer(2089858483,192608db42251d675da83286b1cce702)
Start importing Assets/_3DStealthGame/Scenes/Main.unity using Guid(2fd2aeda3a6c2b64ca0187777af1b8c6) Importer(2089858483,192608db42251d675da83286b1cce702) (ScriptedImporter) -> (artifact id: '199924b3529e5782229f2616c8474d04') in 0.0491649 seconds
Number of updated asset objects reloaded before import = 0Number of asset objects unloaded after import = 1

========================================================================
Received Import Request.
  Time since last request: 80.713053 seconds.
  path: Assets/_3DStealthGame/Scenes/Main.unity
  artifactKey: Guid(2fd2aeda3a6c2b64ca0187777af1b8c6) Importer(2089858483,192608db42251d675da83286b1cce702)
Start importing Assets/_3DStealthGame/Scenes/Main.unity using Guid(2fd2aeda3a6c2b64ca0187777af1b8c6) Importer(2089858483,192608db42251d675da83286b1cce702) (ScriptedImporter) -> (artifact id: '169c715cf2b36975a1f94d4fee6309b2') in 0.0795767 seconds
Number of updated asset objects reloaded before import = 0Number of asset objects unloaded after import = 1

========================================================================
Received Prepare
Assembly reference Packages/com.unity.cinemachine/Editor/Samples/ExposeHDRPInternals/HDRP-Editor-ref.asmref has no target assembly definition
Assembly reference Packages/com.unity.cinemachine/Editor/Samples/ExposeHDRPInternals/HDRP-Editor-ref.asmref has no target assembly definition
Begin MonoManager ReloadAssembly
Duplicate assembly 'System.Runtime.CompilerServices.Unsafe.dll' with different versions detected, using 'Packages/com.unity.collections/Unity.Collections.Tests/System.Runtime.CompilerServices.Unsafe/System.Runtime.CompilerServices.Unsafe.dll, AssemblyName=System.Runtime.CompilerServices.Unsafe, Version=6.0.0.0, Culture=neutral, PublicKeyToken=b03f5f7f11d50a3a' and ignoring 'Packages/com.unity.ai.assistant/Plugins/Markdig/Dependencies/System.Runtime.CompilerServices.Unsafe.dll, AssemblyName=System.Runtime.CompilerServices.Unsafe, Version=4.0.6.0, Culture=neutral, PublicKeyToken=b03f5f7f11d50a3a'.Symbol file LoadedFromMemory is not a mono symbol file
Symbol file LoadedFromMemory is not a mono symbol file
- Loaded All Assemblies, in  3.468 seconds
Assembly reference Packages/com.unity.cinemachine/Editor/Samples/ExposeHDRPInternals/HDRP-Editor-ref.asmref has no target assembly definition
'Packages/com.unity.cinemachine/Editor/Obsolete/CinemachineVirtualCameraBaseEditor.cs' contains partial class of Unity.Object, exactly 1 of the partial classes needs to be in a file with the same filename. This is to know the one that can be referenced from ie. GameObjects
'Packages/com.unity.cinemachine/Editor/Editors/CinemachineVirtualCameraBaseEditor.cs' contains partial class of Unity.Object, exactly 1 of the partial classes needs to be in a file with the same filename. This is to know the one that can be referenced from ie. GameObjects
Refreshing native plugins compatible for Editor in 11.49 ms, found 7 plugins.
Native extension for UWP target not found
Native extension for WindowsStandalone target not found
Native extension for WebGL target not found
Assembly reference Packages/com.unity.cinemachine/Editor/Samples/ExposeHDRPInternals/HDRP-Editor-ref.asmref has no target assembly definition
[Package Manager] Failed to launch server process. Reason: Unity was launched with the -noUpm command-line argument
[Package Manager] Unable to send message (not connected to server process).
[Package Manager] Cannot connect to Unity Package Manager local server
Mono: successfully reloaded assembly
- Finished resetting the current domain, in  4.763 seconds
Domain Reload Profiling: 8225ms
	BeginReloadAssembly (796ms)
		ExecutionOrderSort (0ms)
		DisableScriptedObjects (15ms)
		BackupInstance (0ms)
		ReleaseScriptingObjects (0ms)
		CreateAndSetChildDomain (224ms)
	RebuildCommonClasses (253ms)
	RebuildNativeTypeToScriptingClass (35ms)
	initialDomainReloadingComplete (126ms)
	LoadAllAssembliesAndSetupDomain (2252ms)
		LoadAssemblies (1639ms)
		RebuildTransferFunctionScriptingTraits (0ms)
		AnalyzeDomain (986ms)
			TypeCache.Refresh (24ms)
				TypeCache.ScanAssembly (1ms)
			BuildScriptInfoCaches (910ms)
			ResolveRequiredComponents (38ms)
	FinalizeReload (4764ms)
		ReleaseScriptCaches (0ms)
		RebuildScriptCaches (0ms)
		SetupLoadedEditorAssemblies (4274ms)
			LogAssemblyErrors (0ms)
			InitializePlatformSupportModulesInManaged (5ms)
			SetLoadedEditorAssemblies (48ms)
			BeforeProcessingInitializeOnLoad (1376ms)
			ProcessInitializeOnLoadAttributes (2135ms)
			ProcessInitializeOnLoadMethodAttributes (702ms)
			AfterProcessingInitializeOnLoad (7ms)
			EditorAssembliesLoaded (2ms)
		ExecutionOrderSort2 (0ms)
		AwakeInstancesAfterBackupRestoration (67ms)
Refreshing native plugins compatible for Editor in 8.94 ms, found 7 plugins.
Preloading 0 native plugins for Editor in 0.00 ms.
Unloading 67 Unused Serialized files (Serialized files now loaded: 0)
Unloading 8116 unused Assets / (20.8 MB). Loaded Objects now: 9069.
Memory consumption went from 186.1 MB to 165.4 MB.
Total: 36.436100 ms (FindLiveObjects: 1.622400 ms CreateObjectMapping: 2.859900 ms MarkObjects: 15.558300 ms  DeleteObjects: 16.393100 ms)

Prepare: number of updated asset objects reloaded= 0
========================================================================
Received Import Request.
  Time since last request: 223.148224 seconds.
  path: Assets/_3DStealthGame/Scripts/GameEnding.cs
  artifactKey: Guid(7075c3dc713108b4ba7124787ff749b1) Importer(2089858483,192608db42251d675da83286b1cce702)
Start importing Assets/_3DStealthGame/Scripts/GameEnding.cs using Guid(7075c3dc713108b4ba7124787ff749b1) Importer(2089858483,192608db42251d675da83286b1cce702) (ScriptedImporter) -> (artifact id: '6c0c53e34c1863f0e85fc164be490b3b') in 0.5672 seconds
Number of updated asset objects reloaded before import = 0Number of asset objects unloaded after import = 0

========================================================================
Received Prepare
Assembly reference Packages/com.unity.cinemachine/Editor/Samples/ExposeHDRPInternals/HDRP-Editor-ref.asmref has no target assembly definition
Assembly reference Packages/com.unity.cinemachine/Editor/Samples/ExposeHDRPInternals/HDRP-Editor-ref.asmref has no target assembly definition
Begin MonoManager ReloadAssembly
Duplicate assembly 'System.Runtime.CompilerServices.Unsafe.dll' with different versions detected, using 'Packages/com.unity.collections/Unity.Collections.Tests/System.Runtime.CompilerServices.Unsafe/System.Runtime.CompilerServices.Unsafe.dll, AssemblyName=System.Runtime.CompilerServices.Unsafe, Version=6.0.0.0, Culture=neutral, PublicKeyToken=b03f5f7f11d50a3a' and ignoring 'Packages/com.unity.ai.assistant/Plugins/Markdig/Dependencies/System.Runtime.CompilerServices.Unsafe.dll, AssemblyName=System.Runtime.CompilerServices.Unsafe, Version=4.0.6.0, Culture=neutral, PublicKeyToken=b03f5f7f11d50a3a'.Symbol file LoadedFromMemory is not a mono symbol file
Symbol file LoadedFromMemory is not a mono symbol file
- Loaded All Assemblies, in  2.854 seconds
Assembly reference Packages/com.unity.cinemachine/Editor/Samples/ExposeHDRPInternals/HDRP-Editor-ref.asmref has no target assembly definition
'Packages/com.unity.cinemachine/Editor/Obsolete/CinemachineVirtualCameraBaseEditor.cs' contains partial class of Unity.Object, exactly 1 of the partial classes needs to be in a file with the same filename. This is to know the one that can be referenced from ie. GameObjects
'Packages/com.unity.cinemachine/Editor/Editors/CinemachineVirtualCameraBaseEditor.cs' contains partial class of Unity.Object, exactly 1 of the partial classes needs to be in a file with the same filename. This is to know the one that can be referenced from ie. GameObjects
Refreshing native plugins compatible for Editor in 10.88 ms, found 7 plugins.
Native extension for UWP target not found
Native extension for WindowsStandalone target not found
Native extension for WebGL target not found
Assembly reference Packages/com.unity.cinemachine/Editor/Samples/ExposeHDRPInternals/HDRP-Editor-ref.asmref has no target assembly definition
[Package Manager] Failed to launch server process. Reason: Unity was launched with the -noUpm command-line argument
[Package Manager] Unable to send message (not connected to server process).
[Package Manager] Cannot connect to Unity Package Manager local server
Mono: successfully reloaded assembly
- Finished resetting the current domain, in  5.319 seconds
Domain Reload Profiling: 8175ms
	BeginReloadAssembly (786ms)
		ExecutionOrderSort (0ms)
		DisableScriptedObjects (41ms)
		BackupInstance (0ms)
		ReleaseScriptingObjects (0ms)
		CreateAndSetChildDomain (214ms)
	RebuildCommonClasses (99ms)
	RebuildNativeTypeToScriptingClass (33ms)
	initialDomainReloadingComplete (77ms)
	LoadAllAssembliesAndSetupDomain (1859ms)
		LoadAssemblies (1161ms)
		RebuildTransferFunctionScriptingTraits (0ms)
		AnalyzeDomain (1029ms)
			TypeCache.Refresh (18ms)
				TypeCache.ScanAssembly (0ms)
			BuildScriptInfoCaches (972ms)
			ResolveRequiredComponents (28ms)
	FinalizeReload (5321ms)
		ReleaseScriptCaches (0ms)
		RebuildScriptCaches (0ms)
		SetupLoadedEditorAssemblies (4767ms)
			LogAssemblyErrors (0ms)
			InitializePlatformSupportModulesInManaged (6ms)
			SetLoadedEditorAssemblies (9ms)
			BeforeProcessingInitializeOnLoad (1077ms)
			ProcessInitializeOnLoadAttributes (2913ms)
			ProcessInitializeOnLoadMethodAttributes (745ms)
			AfterProcessingInitializeOnLoad (15ms)
			EditorAssembliesLoaded (1ms)
		ExecutionOrderSort2 (0ms)
		AwakeInstancesAfterBackupRestoration (67ms)
Refreshing native plugins compatible for Editor in 9.67 ms, found 7 plugins.
Preloading 0 native plugins for Editor in 0.00 ms.
Unloading 67 Unused Serialized files (Serialized files now loaded: 0)
Unloading 8116 unused Assets / (17.9 MB). Loaded Objects now: 9071.
Memory consumption went from 186.2 MB to 168.3 MB.
Total: 44.496900 ms (FindLiveObjects: 1.778300 ms CreateObjectMapping: 2.297300 ms MarkObjects: 15.862500 ms  DeleteObjects: 24.556500 ms)

Prepare: number of updated asset objects reloaded= 0
========================================================================
Received Import Request.
  Time since last request: 92.015462 seconds.
  path: Assets/_3DStealthGame/Scenes/Main.unity
  artifactKey: Guid(2fd2aeda3a6c2b64ca0187777af1b8c6) Importer(2089858483,192608db42251d675da83286b1cce702)
Start importing Assets/_3DStealthGame/Scenes/Main.unity using Guid(2fd2aeda3a6c2b64ca0187777af1b8c6) Importer(2089858483,192608db42251d675da83286b1cce702) (ScriptedImporter) -> (artifact id: 'eef868d485cf263193581d3ea34a1682') in 0.4148989 seconds
Number of updated asset objects reloaded before import = 0Number of asset objects unloaded after import = 1

========================================================================
Received Prepare
Assembly reference Packages/com.unity.cinemachine/Editor/Samples/ExposeHDRPInternals/HDRP-Editor-ref.asmref has no target assembly definition
Assembly reference Packages/com.unity.cinemachine/Editor/Samples/ExposeHDRPInternals/HDRP-Editor-ref.asmref has no target assembly definition
Begin MonoManager ReloadAssembly
Duplicate assembly 'System.Runtime.CompilerServices.Unsafe.dll' with different versions detected, using 'Packages/com.unity.collections/Unity.Collections.Tests/System.Runtime.CompilerServices.Unsafe/System.Runtime.CompilerServices.Unsafe.dll, AssemblyName=System.Runtime.CompilerServices.Unsafe, Version=6.0.0.0, Culture=neutral, PublicKeyToken=b03f5f7f11d50a3a' and ignoring 'Packages/com.unity.ai.assistant/Plugins/Markdig/Dependencies/System.Runtime.CompilerServices.Unsafe.dll, AssemblyName=System.Runtime.CompilerServices.Unsafe, Version=4.0.6.0, Culture=neutral, PublicKeyToken=b03f5f7f11d50a3a'.Symbol file LoadedFromMemory is not a mono symbol file
Symbol file LoadedFromMemory is not a mono symbol file
- Loaded All Assemblies, in  2.413 seconds
Assembly reference Packages/com.unity.cinemachine/Editor/Samples/ExposeHDRPInternals/HDRP-Editor-ref.asmref has no target assembly definition
'Packages/com.unity.cinemachine/Editor/Obsolete/CinemachineVirtualCameraBaseEditor.cs' contains partial class of Unity.Object, exactly 1 of the partial classes needs to be in a file with the same filename. This is to know the one that can be referenced from ie. GameObjects
'Packages/com.unity.cinemachine/Editor/Editors/CinemachineVirtualCameraBaseEditor.cs' contains partial class of Unity.Object, exactly 1 of the partial classes needs to be in a file with the same filename. This is to know the one that can be referenced from ie. GameObjects
Refreshing native plugins compatible for Editor in 7.54 ms, found 7 plugins.
Native extension for UWP target not found
Native extension for WindowsStandalone target not found
Native extension for WebGL target not found
Assembly reference Packages/com.unity.cinemachine/Editor/Samples/ExposeHDRPInternals/HDRP-Editor-ref.asmref has no target assembly definition
[Package Manager] Failed to launch server process. Reason: Unity was launched with the -noUpm command-line argument
[Package Manager] Unable to send message (not connected to server process).
[Package Manager] Cannot connect to Unity Package Manager local server
Mono: successfully reloaded assembly
- Finished resetting the current domain, in  4.760 seconds
Domain Reload Profiling: 7177ms
	BeginReloadAssembly (629ms)
		ExecutionOrderSort (0ms)
		DisableScriptedObjects (14ms)
		BackupInstance (0ms)
		ReleaseScriptingObjects (0ms)
		CreateAndSetChildDomain (181ms)
	RebuildCommonClasses (97ms)
	RebuildNativeTypeToScriptingClass (37ms)
	initialDomainReloadingComplete (74ms)
	LoadAllAssembliesAndSetupDomain (1578ms)
		LoadAssemblies (1108ms)
		RebuildTransferFunctionScriptingTraits (0ms)
		AnalyzeDomain (789ms)
			TypeCache.Refresh (13ms)
				TypeCache.ScanAssembly (0ms)
			BuildScriptInfoCaches (737ms)
			ResolveRequiredComponents (28ms)
	FinalizeReload (4762ms)
		ReleaseScriptCaches (0ms)
		RebuildScriptCaches (0ms)
		SetupLoadedEditorAssemblies (4182ms)
			LogAssemblyErrors (0ms)
			InitializePlatformSupportModulesInManaged (7ms)
			SetLoadedEditorAssemblies (9ms)
			BeforeProcessingInitializeOnLoad (529ms)
			ProcessInitializeOnLoadAttributes (2575ms)
			ProcessInitializeOnLoadMethodAttributes (1026ms)
			AfterProcessingInitializeOnLoad (31ms)
			EditorAssembliesLoaded (4ms)
		ExecutionOrderSort2 (3ms)
		AwakeInstancesAfterBackupRestoration (141ms)
Refreshing native plugins compatible for Editor in 14.12 ms, found 7 plugins.
Preloading 0 native plugins for Editor in 0.00 ms.
Unloading 67 Unused Serialized files (Serialized files now loaded: 0)
Unloading 8116 unused Assets / (19.1 MB). Loaded Objects now: 9073.
Memory consumption went from 186.2 MB to 167.1 MB.
Total: 55.861400 ms (FindLiveObjects: 1.801900 ms CreateObjectMapping: 4.066100 ms MarkObjects: 20.453700 ms  DeleteObjects: 29.536900 ms)

Prepare: number of updated asset objects reloaded= 0
========================================================================
Received Import Request.
  Time since last request: 260.962071 seconds.
  path: Assets/_3DStealthGame/Scenes/Main.unity
  artifactKey: Guid(2fd2aeda3a6c2b64ca0187777af1b8c6) Importer(2089858483,192608db42251d675da83286b1cce702)
Start importing Assets/_3DStealthGame/Scenes/Main.unity using Guid(2fd2aeda3a6c2b64ca0187777af1b8c6) Importer(2089858483,192608db42251d675da83286b1cce702) (ScriptedImporter) -> (artifact id: 'ce0c16ef8bc841fc6994eb18f7872c76') in 0.4450392 seconds
Number of updated asset objects reloaded before import = 0Number of asset objects unloaded after import = 1

========================================================================
Received Prepare
Assembly reference Packages/com.unity.cinemachine/Editor/Samples/ExposeHDRPInternals/HDRP-Editor-ref.asmref has no target assembly definition
Assembly reference Packages/com.unity.cinemachine/Editor/Samples/ExposeHDRPInternals/HDRP-Editor-ref.asmref has no target assembly definition
Begin MonoManager ReloadAssembly
Duplicate assembly 'System.Runtime.CompilerServices.Unsafe.dll' with different versions detected, using 'Packages/com.unity.collections/Unity.Collections.Tests/System.Runtime.CompilerServices.Unsafe/System.Runtime.CompilerServices.Unsafe.dll, AssemblyName=System.Runtime.CompilerServices.Unsafe, Version=6.0.0.0, Culture=neutral, PublicKeyToken=b03f5f7f11d50a3a' and ignoring 'Packages/com.unity.ai.assistant/Plugins/Markdig/Dependencies/System.Runtime.CompilerServices.Unsafe.dll, AssemblyName=System.Runtime.CompilerServices.Unsafe, Version=4.0.6.0, Culture=neutral, PublicKeyToken=b03f5f7f11d50a3a'.Symbol file LoadedFromMemory is not a mono symbol file
Symbol file LoadedFromMemory is not a mono symbol file
- Loaded All Assemblies, in  2.268 seconds
Assembly reference Packages/com.unity.cinemachine/Editor/Samples/ExposeHDRPInternals/HDRP-Editor-ref.asmref has no target assembly definition
'Packages/com.unity.cinemachine/Editor/Obsolete/CinemachineVirtualCameraBaseEditor.cs' contains partial class of Unity.Object, exactly 1 of the partial classes needs to be in a file with the same filename. This is to know the one that can be referenced from ie. GameObjects
'Packages/com.unity.cinemachine/Editor/Editors/CinemachineVirtualCameraBaseEditor.cs' contains partial class of Unity.Object, exactly 1 of the partial classes needs to be in a file with the same filename. This is to know the one that can be referenced from ie. GameObjects
Refreshing native plugins compatible for Editor in 12.29 ms, found 7 plugins.
Native extension for UWP target not found
Native extension for WindowsStandalone target not found
Native extension for WebGL target not found
Assembly reference Packages/com.unity.cinemachine/Editor/Samples/ExposeHDRPInternals/HDRP-Editor-ref.asmref has no target assembly definition
[Package Manager] Failed to launch server process. Reason: Unity was launched with the -noUpm command-line argument
[Package Manager] Unable to send message (not connected to server process).
[Package Manager] Cannot connect to Unity Package Manager local server
Mono: successfully reloaded assembly
- Finished resetting the current domain, in  4.532 seconds
Domain Reload Profiling: 6802ms
	BeginReloadAssembly (651ms)
		ExecutionOrderSort (0ms)
		DisableScriptedObjects (16ms)
		BackupInstance (0ms)
		ReleaseScriptingObjects (0ms)
		CreateAndSetChildDomain (264ms)
	RebuildCommonClasses (95ms)
	RebuildNativeTypeToScriptingClass (32ms)
	initialDomainReloadingComplete (68ms)
	LoadAllAssembliesAndSetupDomain (1422ms)
		LoadAssemblies (903ms)
		RebuildTransferFunctionScriptingTraits (0ms)
		AnalyzeDomain (743ms)
			TypeCache.Refresh (16ms)
				TypeCache.ScanAssembly (0ms)
			BuildScriptInfoCaches (687ms)
			ResolveRequiredComponents (29ms)
	FinalizeReload (4533ms)
		ReleaseScriptCaches (0ms)
		RebuildScriptCaches (0ms)
		SetupLoadedEditorAssemblies (4055ms)
			LogAssemblyErrors (0ms)
			InitializePlatformSupportModulesInManaged (5ms)
			SetLoadedEditorAssemblies (8ms)
			BeforeProcessingInitializeOnLoad (597ms)
			ProcessInitializeOnLoadAttributes (2405ms)
			ProcessInitializeOnLoadMethodAttributes (1028ms)
			AfterProcessingInitializeOnLoad (10ms)
			EditorAssembliesLoaded (1ms)
		ExecutionOrderSort2 (0ms)
		AwakeInstancesAfterBackupRestoration (91ms)
Refreshing native plugins compatible for Editor in 13.57 ms, found 7 plugins.
Preloading 0 native plugins for Editor in 0.00 ms.
Unloading 67 Unused Serialized files (Serialized files now loaded: 0)
Unloading 8116 unused Assets / (21.9 MB). Loaded Objects now: 9075.
Memory consumption went from 186.3 MB to 164.4 MB.
Total: 65.635700 ms (FindLiveObjects: 2.357800 ms CreateObjectMapping: 4.181700 ms MarkObjects: 23.891500 ms  DeleteObjects: 35.201900 ms)

Prepare: number of updated asset objects reloaded= 0
========================================================================
Received Import Request.
  Time since last request: 172.444166 seconds.
  path: Assets/_3DStealthGame/Prefabs/Characters/Ghost.prefab
  artifactKey: Guid(be04c01cb8f5680408c93428c346fe16) Importer(815301076,1909f56bfc062723c751e8b465ee728b)
Start importing Assets/_3DStealthGame/Prefabs/Characters/Ghost.prefab using Guid(be04c01cb8f5680408c93428c346fe16) Importer(815301076,1909f56bfc062723c751e8b465ee728b) (PreviewImporter) -> (artifact id: '3f5b59f89c8cdfb090b9930ae0e95831') in 4.0811946 seconds
Number of updated asset objects reloaded before import = 0Number of asset objects unloaded after import = 126

========================================================================
Received Import Request.
  Time since last request: 6.226146 seconds.
  path: Assets/_3DStealthGame/Prefabs/Characters/Ghost.prefab
  artifactKey: Guid(be04c01cb8f5680408c93428c346fe16) Importer(2089858483,192608db42251d675da83286b1cce702)
Start importing Assets/_3DStealthGame/Prefabs/Characters/Ghost.prefab using Guid(be04c01cb8f5680408c93428c346fe16) Importer(2089858483,192608db42251d675da83286b1cce702) (ScriptedImporter) -> (artifact id: '7158eded227a117a86f4af71388fb137') in 0.6915555 seconds
Number of updated asset objects reloaded before import = 0Number of asset objects unloaded after import = 61

========================================================================
Received Import Request.
  Time since last request: 2.368872 seconds.
  path: Assets/_3DStealthGame/Prefabs/Characters/Ghost.prefab
  artifactKey: Guid(be04c01cb8f5680408c93428c346fe16) Importer(2089858483,192608db42251d675da83286b1cce702)
Start importing Assets/_3DStealthGame/Prefabs/Characters/Ghost.prefab using Guid(be04c01cb8f5680408c93428c346fe16) Importer(2089858483,192608db42251d675da83286b1cce702) (ScriptedImporter) -> (artifact id: '5372996315097fe50a3e6541d5695e7e') in 0.1773299 seconds
Number of updated asset objects reloaded before import = 0Number of asset objects unloaded after import = 61

========================================================================
Received Import Request.
  Time since last request: 2.797738 seconds.
  path: Assets/_3DStealthGame/Prefabs/Characters/Ghost.prefab
  artifactKey: Guid(be04c01cb8f5680408c93428c346fe16) Importer(2089858483,192608db42251d675da83286b1cce702)
Start importing Assets/_3DStealthGame/Prefabs/Characters/Ghost.prefab using Guid(be04c01cb8f5680408c93428c346fe16) Importer(2089858483,192608db42251d675da83286b1cce702) (ScriptedImporter) -> (artifact id: '9e01df7414470e2442f736698fdc7a03') in 0.1472457 seconds
Number of updated asset objects reloaded before import = 0Number of asset objects unloaded after import = 61

========================================================================
Received Import Request.
  Time since last request: 3.151052 seconds.
  path: Assets/_3DStealthGame/Prefabs/Characters/Ghost.prefab
  artifactKey: Guid(be04c01cb8f5680408c93428c346fe16) Importer(2089858483,192608db42251d675da83286b1cce702)
Start importing Assets/_3DStealthGame/Prefabs/Characters/Ghost.prefab using Guid(be04c01cb8f5680408c93428c346fe16) Importer(2089858483,192608db42251d675da83286b1cce702) (ScriptedImporter) -> (artifact id: '086a18d63b83cd97726c7650ec145777') in 0.1497324 seconds
Number of updated asset objects reloaded before import = 0Number of asset objects unloaded after import = 61

========================================================================
Received Import Request.
  Time since last request: 33.651154 seconds.
  path: Assets/_3DStealthGame/Prefabs/Characters/Ghost.prefab
  artifactKey: Guid(be04c01cb8f5680408c93428c346fe16) Importer(2089858483,192608db42251d675da83286b1cce702)
Start importing Assets/_3DStealthGame/Prefabs/Characters/Ghost.prefab using Guid(be04c01cb8f5680408c93428c346fe16) Importer(2089858483,192608db42251d675da83286b1cce702) (ScriptedImporter) -> (artifact id: 'f4c27c93e4ddc45c3fd6f64407adf8d3') in 0.2524486 seconds
Number of updated asset objects reloaded before import = 0Number of asset objects unloaded after import = 61

========================================================================
Received Import Request.
  Time since last request: 101.825902 seconds.
  path: Assets/_3DStealthGame/Prefabs/Characters/Player.prefab
  artifactKey: Guid(dcfdfab2c3b5d6147b47a7db25dc9717) Importer(2089858483,192608db42251d675da83286b1cce702)
Start importing Assets/_3DStealthGame/Prefabs/Characters/Player.prefab using Guid(dcfdfab2c3b5d6147b47a7db25dc9717) Importer(2089858483,192608db42251d675da83286b1cce702) (ScriptedImporter) -> (artifact id: 'cade08d1fef22e08b669ad9609b067c6') in 0.2816278 seconds
Number of updated asset objects reloaded before import = 0Number of asset objects unloaded after import = 93

========================================================================
Received Import Request.
  Time since last request: 5.399646 seconds.
  path: Assets/_3DStealthGame/Scenes/Main.unity
  artifactKey: Guid(2fd2aeda3a6c2b64ca0187777af1b8c6) Importer(2089858483,192608db42251d675da83286b1cce702)
Start importing Assets/_3DStealthGame/Scenes/Main.unity using Guid(2fd2aeda3a6c2b64ca0187777af1b8c6) Importer(2089858483,192608db42251d675da83286b1cce702) (ScriptedImporter) -> (artifact id: 'c33f984a475c354bc3569b540387ad0a') in 0.0871325 seconds
Number of updated asset objects reloaded before import = 0Number of asset objects unloaded after import = 1

========================================================================
Received Prepare
Assembly reference Packages/com.unity.cinemachine/Editor/Samples/ExposeHDRPInternals/HDRP-Editor-ref.asmref has no target assembly definition
Assembly reference Packages/com.unity.cinemachine/Editor/Samples/ExposeHDRPInternals/HDRP-Editor-ref.asmref has no target assembly definition
Begin MonoManager ReloadAssembly
Duplicate assembly 'System.Runtime.CompilerServices.Unsafe.dll' with different versions detected, using 'Packages/com.unity.collections/Unity.Collections.Tests/System.Runtime.CompilerServices.Unsafe/System.Runtime.CompilerServices.Unsafe.dll, AssemblyName=System.Runtime.CompilerServices.Unsafe, Version=6.0.0.0, Culture=neutral, PublicKeyToken=b03f5f7f11d50a3a' and ignoring 'Packages/com.unity.ai.assistant/Plugins/Markdig/Dependencies/System.Runtime.CompilerServices.Unsafe.dll, AssemblyName=System.Runtime.CompilerServices.Unsafe, Version=4.0.6.0, Culture=neutral, PublicKeyToken=b03f5f7f11d50a3a'.Symbol file LoadedFromMemory is not a mono symbol file
Symbol file LoadedFromMemory is not a mono symbol file
- Loaded All Assemblies, in  2.388 seconds
Assembly reference Packages/com.unity.cinemachine/Editor/Samples/ExposeHDRPInternals/HDRP-Editor-ref.asmref has no target assembly definition
'Packages/com.unity.cinemachine/Editor/Obsolete/CinemachineVirtualCameraBaseEditor.cs' contains partial class of Unity.Object, exactly 1 of the partial classes needs to be in a file with the same filename. This is to know the one that can be referenced from ie. GameObjects
'Packages/com.unity.cinemachine/Editor/Editors/CinemachineVirtualCameraBaseEditor.cs' contains partial class of Unity.Object, exactly 1 of the partial classes needs to be in a file with the same filename. This is to know the one that can be referenced from ie. GameObjects
Refreshing native plugins compatible for Editor in 7.82 ms, found 7 plugins.
Native extension for UWP target not found
Native extension for WindowsStandalone target not found
Native extension for WebGL target not found
Assembly reference Packages/com.unity.cinemachine/Editor/Samples/ExposeHDRPInternals/HDRP-Editor-ref.asmref has no target assembly definition
[Package Manager] Failed to launch server process. Reason: Unity was launched with the -noUpm command-line argument
[Package Manager] Unable to send message (not connected to server process).
[Package Manager] Cannot connect to Unity Package Manager local server
Mono: successfully reloaded assembly
- Finished resetting the current domain, in  4.616 seconds
Domain Reload Profiling: 7008ms
	BeginReloadAssembly (610ms)
		ExecutionOrderSort (0ms)
		DisableScriptedObjects (50ms)
		BackupInstance (0ms)
		ReleaseScriptingObjects (0ms)
		CreateAndSetChildDomain (218ms)
	RebuildCommonClasses (87ms)
	RebuildNativeTypeToScriptingClass (28ms)
	initialDomainReloadingComplete (70ms)
	LoadAllAssembliesAndSetupDomain (1595ms)
		LoadAssemblies (972ms)
		RebuildTransferFunctionScriptingTraits (0ms)
		AnalyzeDomain (848ms)
			TypeCache.Refresh (14ms)
				TypeCache.ScanAssembly (0ms)
			BuildScriptInfoCaches (796ms)
			ResolveRequiredComponents (28ms)
	FinalizeReload (4618ms)
		ReleaseScriptCaches (0ms)
		RebuildScriptCaches (0ms)
		SetupLoadedEditorAssemblies (4106ms)
			LogAssemblyErrors (0ms)
			InitializePlatformSupportModulesInManaged (10ms)
			SetLoadedEditorAssemblies (11ms)
			BeforeProcessingInitializeOnLoad (832ms)
			ProcessInitializeOnLoadAttributes (2420ms)
			ProcessInitializeOnLoadMethodAttributes (820ms)
			AfterProcessingInitializeOnLoad (12ms)
			EditorAssembliesLoaded (1ms)
		ExecutionOrderSort2 (0ms)
		AwakeInstancesAfterBackupRestoration (84ms)
Refreshing native plugins compatible for Editor in 19.31 ms, found 7 plugins.
Preloading 0 native plugins for Editor in 0.00 ms.
Unloading 67 Unused Serialized files (Serialized files now loaded: 0)
Unloading 8117 unused Assets / (19.9 MB). Loaded Objects now: 9098.
Memory consumption went from 186.5 MB to 166.6 MB.
Total: 81.117400 ms (FindLiveObjects: 6.197300 ms CreateObjectMapping: 3.410300 ms MarkObjects: 25.496100 ms  DeleteObjects: 46.010200 ms)

Prepare: number of updated asset objects reloaded= 0
========================================================================
Received Import Request.
  Time since last request: 88.344048 seconds.
  path: Assets/_3DStealthGame/Prefabs/Characters/Ghost.prefab
  artifactKey: Guid(be04c01cb8f5680408c93428c346fe16) Importer(2089858483,192608db42251d675da83286b1cce702)
Start importing Assets/_3DStealthGame/Prefabs/Characters/Ghost.prefab using Guid(be04c01cb8f5680408c93428c346fe16) Importer(2089858483,192608db42251d675da83286b1cce702) (ScriptedImporter) -> (artifact id: '81f1cdb424544af1312cd87975c55b59') in 0.6819292 seconds
Number of updated asset objects reloaded before import = 0Number of asset objects unloaded after import = 61

========================================================================
Received Prepare
Assembly reference Packages/com.unity.cinemachine/Editor/Samples/ExposeHDRPInternals/HDRP-Editor-ref.asmref has no target assembly definition
Assembly reference Packages/com.unity.cinemachine/Editor/Samples/ExposeHDRPInternals/HDRP-Editor-ref.asmref has no target assembly definition
Begin MonoManager ReloadAssembly
Duplicate assembly 'System.Runtime.CompilerServices.Unsafe.dll' with different versions detected, using 'Packages/com.unity.collections/Unity.Collections.Tests/System.Runtime.CompilerServices.Unsafe/System.Runtime.CompilerServices.Unsafe.dll, AssemblyName=System.Runtime.CompilerServices.Unsafe, Version=6.0.0.0, Culture=neutral, PublicKeyToken=b03f5f7f11d50a3a' and ignoring 'Packages/com.unity.ai.assistant/Plugins/Markdig/Dependencies/System.Runtime.CompilerServices.Unsafe.dll, AssemblyName=System.Runtime.CompilerServices.Unsafe, Version=4.0.6.0, Culture=neutral, PublicKeyToken=b03f5f7f11d50a3a'.Symbol file LoadedFromMemory is not a mono symbol file
Symbol file LoadedFromMemory is not a mono symbol file
- Loaded All Assemblies, in  5.400 seconds
Assembly reference Packages/com.unity.cinemachine/Editor/Samples/ExposeHDRPInternals/HDRP-Editor-ref.asmref has no target assembly definition
'Packages/com.unity.cinemachine/Editor/Obsolete/CinemachineVirtualCameraBaseEditor.cs' contains partial class of Unity.Object, exactly 1 of the partial classes needs to be in a file with the same filename. This is to know the one that can be referenced from ie. GameObjects
'Packages/com.unity.cinemachine/Editor/Editors/CinemachineVirtualCameraBaseEditor.cs' contains partial class of Unity.Object, exactly 1 of the partial classes needs to be in a file with the same filename. This is to know the one that can be referenced from ie. GameObjects
Refreshing native plugins compatible for Editor in 19.99 ms, found 7 plugins.
Native extension for UWP target not found
Native extension for WindowsStandalone target not found
Native extension for WebGL target not found
Assembly reference Packages/com.unity.cinemachine/Editor/Samples/ExposeHDRPInternals/HDRP-Editor-ref.asmref has no target assembly definition
[Package Manager] Failed to launch server process. Reason: Unity was launched with the -noUpm command-line argument
[Package Manager] Unable to send message (not connected to server process).
[Package Manager] Cannot connect to Unity Package Manager local server
Mono: successfully reloaded assembly
- Finished resetting the current domain, in  6.112 seconds
Domain Reload Profiling: 11537ms
	BeginReloadAssembly (1102ms)
		ExecutionOrderSort (1ms)
		DisableScriptedObjects (40ms)
		BackupInstance (0ms)
		ReleaseScriptingObjects (2ms)
		CreateAndSetChildDomain (380ms)
	RebuildCommonClasses (143ms)
	RebuildNativeTypeToScriptingClass (41ms)
	initialDomainReloadingComplete (81ms)
	LoadAllAssembliesAndSetupDomain (4054ms)
		LoadAssemblies (2506ms)
		RebuildTransferFunctionScriptingTraits (0ms)
		AnalyzeDomain (2003ms)
			TypeCache.Refresh (29ms)
				TypeCache.ScanAssembly (0ms)
			BuildScriptInfoCaches (1879ms)
			ResolveRequiredComponents (65ms)
	FinalizeReload (6116ms)
		ReleaseScriptCaches (0ms)
		RebuildScriptCaches (0ms)
		SetupLoadedEditorAssemblies (5109ms)
			LogAssemblyErrors (0ms)
			InitializePlatformSupportModulesInManaged (10ms)
			SetLoadedEditorAssemblies (25ms)
			BeforeProcessingInitializeOnLoad (1378ms)
			ProcessInitializeOnLoadAttributes (2748ms)
			ProcessInitializeOnLoadMethodAttributes (929ms)
			AfterProcessingInitializeOnLoad (16ms)
			EditorAssembliesLoaded (2ms)
		ExecutionOrderSort2 (0ms)
		AwakeInstancesAfterBackupRestoration (100ms)
Refreshing native plugins compatible for Editor in 8.45 ms, found 7 plugins.
Preloading 0 native plugins for Editor in 0.00 ms.
Unloading 67 Unused Serialized files (Serialized files now loaded: 0)
Unloading 8116 unused Assets / (19.2 MB). Loaded Objects now: 9100.
Memory consumption went from 186.4 MB to 167.1 MB.
Total: 71.126600 ms (FindLiveObjects: 1.702600 ms CreateObjectMapping: 1.559800 ms MarkObjects: 15.254700 ms  DeleteObjects: 52.607200 ms)

Prepare: number of updated asset objects reloaded= 0
========================================================================
Received Import Request.
  Time since last request: 667.828947 seconds.
  path: Assets/_3DStealthGame/Scenes/Main.unity
  artifactKey: Guid(2fd2aeda3a6c2b64ca0187777af1b8c6) Importer(2089858483,192608db42251d675da83286b1cce702)
Start importing Assets/_3DStealthGame/Scenes/Main.unity using Guid(2fd2aeda3a6c2b64ca0187777af1b8c6) Importer(2089858483,192608db42251d675da83286b1cce702) (ScriptedImporter) -> (artifact id: 'ef4108abecad33c04e3cd38408f2ea74') in 0.5258398 seconds
Number of updated asset objects reloaded before import = 0Number of asset objects unloaded after import = 1

========================================================================
Received Import Request.
  Time since last request: 206.349811 seconds.
  path: Assets/_3DStealthGame/Art/Animation/Animations/Ghost@Walk1.fbx
  artifactKey: Guid(2017cad317b564c409a9e5bd02341461) Importer(815301076,1909f56bfc062723c751e8b465ee728b)
Start importing Assets/_3DStealthGame/Art/Animation/Animations/Ghost@Walk1.fbx using Guid(2017cad317b564c409a9e5bd02341461) Importer(815301076,1909f56bfc062723c751e8b465ee728b) (PreviewImporter) -> (artifact id: '5bc33384814474f2e1796b19db68c4b1') in 2.3202733 seconds
Number of updated asset objects reloaded before import = 0Number of asset objects unloaded after import = 49

========================================================================
Received Import Request.
  Time since last request: 21.344966 seconds.
  path: Assets/_3DStealthGame/Art/Animation/Animations/Ghost@Shower.fbx
  artifactKey: Guid(4c7b6999390a2c24498d13e4084b200f) Importer(815301076,1909f56bfc062723c751e8b465ee728b)
Start importing Assets/_3DStealthGame/Art/Animation/Animations/Ghost@Shower.fbx using Guid(4c7b6999390a2c24498d13e4084b200f) Importer(815301076,1909f56bfc062723c751e8b465ee728b) (PreviewImporter) -> (artifact id: 'bed4854e29bb8d769abbd2b990925d39') in 0.2044955 seconds
Number of updated asset objects reloaded before import = 0Number of asset objects unloaded after import = 49

========================================================================
Received Import Request.
  Time since last request: 12.490024 seconds.
  path: Assets/_3DStealthGame/Scenes/Main.unity
  artifactKey: Guid(2fd2aeda3a6c2b64ca0187777af1b8c6) Importer(2089858483,192608db42251d675da83286b1cce702)
Start importing Assets/_3DStealthGame/Scenes/Main.unity using Guid(2fd2aeda3a6c2b64ca0187777af1b8c6) Importer(2089858483,192608db42251d675da83286b1cce702) (ScriptedImporter) -> (artifact id: 'b89c851d36b11c072fa8e6e00f9c6ae4') in 0.0932032 seconds
Number of updated asset objects reloaded before import = 0Number of asset objects unloaded after import = 1

========================================================================
Received Import Request.
  Time since last request: 247.939262 seconds.
  path: Assets/_3DStealthGame/Scenes/Main.unity
  artifactKey: Guid(2fd2aeda3a6c2b64ca0187777af1b8c6) Importer(2089858483,192608db42251d675da83286b1cce702)
Start importing Assets/_3DStealthGame/Scenes/Main.unity using Guid(2fd2aeda3a6c2b64ca0187777af1b8c6) Importer(2089858483,192608db42251d675da83286b1cce702) (ScriptedImporter) -> (artifact id: '07399418285d33dea5c06ec5a9f39680') in 0.0727587 seconds
Number of updated asset objects reloaded before import = 0Number of asset objects unloaded after import = 1

========================================================================
Received Import Request.
  Time since last request: 98.445433 seconds.
  path: Assets/_3DStealthGame/Scenes/Main.unity
  artifactKey: Guid(2fd2aeda3a6c2b64ca0187777af1b8c6) Importer(2089858483,192608db42251d675da83286b1cce702)
Start importing Assets/_3DStealthGame/Scenes/Main.unity using Guid(2fd2aeda3a6c2b64ca0187777af1b8c6) Importer(2089858483,192608db42251d675da83286b1cce702) (ScriptedImporter) -> (artifact id: '5ad0028ed882c3894ff6b08a4c9fc4d3') in 0.0350528 seconds
Number of updated asset objects reloaded before import = 0Number of asset objects unloaded after import = 1

========================================================================
Received Import Request.
  Time since last request: 213.537187 seconds.
  path: Assets/_3DStealthGame/Art/PostProcessing/Scary Volume Profile 1.asset
  artifactKey: Guid(75044ab53be47d14cb30b5aaa7174a36) Importer(815301076,1909f56bfc062723c751e8b465ee728b)
Start importing Assets/_3DStealthGame/Art/PostProcessing/Scary Volume Profile 1.asset using Guid(75044ab53be47d14cb30b5aaa7174a36) Importer(815301076,1909f56bfc062723c751e8b465ee728b) (PreviewImporter) -> (artifact id: 'cd09e4c96bc03a8bddb8aa6bdf408cf6') in 0.0046674 seconds
Number of updated asset objects reloaded before import = 0Number of asset objects unloaded after import = 6

========================================================================
Received Import Request.
  Time since last request: 0.775609 seconds.
  path: Assets/_3DStealthGame/Art/PostProcessing/Scary Volume Profile 1.asset
  artifactKey: Guid(75044ab53be47d14cb30b5aaa7174a36) Importer(2089858483,192608db42251d675da83286b1cce702)
Start importing Assets/_3DStealthGame/Art/PostProcessing/Scary Volume Profile 1.asset using Guid(75044ab53be47d14cb30b5aaa7174a36) Importer(2089858483,192608db42251d675da83286b1cce702) (ScriptedImporter) -> (artifact id: 'fbdcb10315703fc4c85bd8f343dfe027') in 0.0562295 seconds
Number of updated asset objects reloaded before import = 0Number of asset objects unloaded after import = 6

========================================================================
Received Import Request.
  Time since last request: 15.377254 seconds.
  path: Assets/_3DStealthGame/Art/PostProcessing/Scary Volume Profile Original.asset
  artifactKey: Guid(75044ab53be47d14cb30b5aaa7174a36) Importer(815301076,1909f56bfc062723c751e8b465ee728b)
Start importing Assets/_3DStealthGame/Art/PostProcessing/Scary Volume Profile Original.asset using Guid(75044ab53be47d14cb30b5aaa7174a36) Importer(815301076,1909f56bfc062723c751e8b465ee728b) (PreviewImporter) -> (artifact id: '8fe8fdff84fbd367c9b85a2a54108efe') in 0.0039015 seconds
Number of updated asset objects reloaded before import = 0Number of asset objects unloaded after import = 6

========================================================================
Received Import Request.
  Time since last request: 0.635320 seconds.
  path: Assets/_3DStealthGame/Art/PostProcessing/Scary Volume Profile Original.asset
  artifactKey: Guid(75044ab53be47d14cb30b5aaa7174a36) Importer(2089858483,192608db42251d675da83286b1cce702)
Start importing Assets/_3DStealthGame/Art/PostProcessing/Scary Volume Profile Original.asset using Guid(75044ab53be47d14cb30b5aaa7174a36) Importer(2089858483,192608db42251d675da83286b1cce702) (ScriptedImporter) -> (artifact id: '0207af1a862c46f0c3957646c58bf3a8') in 0.0361813 seconds
Number of updated asset objects reloaded before import = 0Number of asset objects unloaded after import = 6

========================================================================
Received Import Request.
  Time since last request: 75.177766 seconds.
  path: Assets/_3DStealthGame/Art/PostProcessing/Scary Volume Profile.asset
  artifactKey: Guid(05891a7f5c0a0684c93ecc7c2e7f4b0a) Importer(815301076,1909f56bfc062723c751e8b465ee728b)
Start importing Assets/_3DStealthGame/Art/PostProcessing/Scary Volume Profile.asset using Guid(05891a7f5c0a0684c93ecc7c2e7f4b0a) Importer(815301076,1909f56bfc062723c751e8b465ee728b) (PreviewImporter) -> (artifact id: '7bd12d798877e8c1fb0623c76e16fd6d') in 0.002725 seconds
Number of updated asset objects reloaded before import = 0Number of asset objects unloaded after import = 6

========================================================================
Received Import Request.
  Time since last request: 0.794352 seconds.
  path: Assets/_3DStealthGame/Art/PostProcessing/Scary Volume Profile.asset
  artifactKey: Guid(05891a7f5c0a0684c93ecc7c2e7f4b0a) Importer(2089858483,192608db42251d675da83286b1cce702)
Start importing Assets/_3DStealthGame/Art/PostProcessing/Scary Volume Profile.asset using Guid(05891a7f5c0a0684c93ecc7c2e7f4b0a) Importer(2089858483,192608db42251d675da83286b1cce702) (ScriptedImporter) -> (artifact id: '77366f5e182de468d1c705002b592052') in 0.0480015 seconds
Number of updated asset objects reloaded before import = 0Number of asset objects unloaded after import = 6

========================================================================
Received Import Request.
  Time since last request: 16.304499 seconds.
  path: Assets/_3DStealthGame/Art/PostProcessing/Scary Volume Profile.asset
  artifactKey: Guid(05891a7f5c0a0684c93ecc7c2e7f4b0a) Importer(815301076,1909f56bfc062723c751e8b465ee728b)
Start importing Assets/_3DStealthGame/Art/PostProcessing/Scary Volume Profile.asset using Guid(05891a7f5c0a0684c93ecc7c2e7f4b0a) Importer(815301076,1909f56bfc062723c751e8b465ee728b) (PreviewImporter) -> (artifact id: 'a6677f31e4531defa25be3648813c556') in 0.0025537 seconds
Number of updated asset objects reloaded before import = 0Number of asset objects unloaded after import = 7

========================================================================
Received Import Request.
  Time since last request: 0.821812 seconds.
  path: Assets/_3DStealthGame/Art/PostProcessing/Scary Volume Profile.asset
  artifactKey: Guid(05891a7f5c0a0684c93ecc7c2e7f4b0a) Importer(2089858483,192608db42251d675da83286b1cce702)
Start importing Assets/_3DStealthGame/Art/PostProcessing/Scary Volume Profile.asset using Guid(05891a7f5c0a0684c93ecc7c2e7f4b0a) Importer(2089858483,192608db42251d675da83286b1cce702) (ScriptedImporter) -> (artifact id: '462d715bf5ed6d5f7bc1a18cea6587a6') in 0.0973859 seconds
Number of updated asset objects reloaded before import = 0Number of asset objects unloaded after import = 7

========================================================================
Received Import Request.
  Time since last request: 160.457001 seconds.
  path: Assets/_3DStealthGame/Prefabs/Characters/Player.prefab
  artifactKey: Guid(dcfdfab2c3b5d6147b47a7db25dc9717) Importer(2089858483,192608db42251d675da83286b1cce702)
Start importing Assets/_3DStealthGame/Prefabs/Characters/Player.prefab using Guid(dcfdfab2c3b5d6147b47a7db25dc9717) Importer(2089858483,192608db42251d675da83286b1cce702) (ScriptedImporter) -> (artifact id: '680a3a6006e6fa7791ce391cf9895d87') in 0.5506342 seconds
Number of updated asset objects reloaded before import = 0Number of asset objects unloaded after import = 95

========================================================================
Received Import Request.
  Time since last request: 8.430697 seconds.
  path: Assets/_3DStealthGame/Prefabs/Characters/Player.prefab
  artifactKey: Guid(dcfdfab2c3b5d6147b47a7db25dc9717) Importer(2089858483,192608db42251d675da83286b1cce702)
Start importing Assets/_3DStealthGame/Prefabs/Characters/Player.prefab using Guid(dcfdfab2c3b5d6147b47a7db25dc9717) Importer(2089858483,192608db42251d675da83286b1cce702) (ScriptedImporter) -> (artifact id: '3bcbc88e8955a1ab0ae5bc9a567ef6db') in 0.1717742 seconds
Number of updated asset objects reloaded before import = 0Number of asset objects unloaded after import = 95

========================================================================
Received Import Request.
  Time since last request: 3.294645 seconds.
  path: Assets/_3DStealthGame/Prefabs/Characters/Player.prefab
  artifactKey: Guid(dcfdfab2c3b5d6147b47a7db25dc9717) Importer(2089858483,192608db42251d675da83286b1cce702)
Start importing Assets/_3DStealthGame/Prefabs/Characters/Player.prefab using Guid(dcfdfab2c3b5d6147b47a7db25dc9717) Importer(2089858483,192608db42251d675da83286b1cce702) (ScriptedImporter) -> (artifact id: 'ad6ecfef7293012e1e77516cfbe7fe44') in 0.1437886 seconds
Number of updated asset objects reloaded before import = 0Number of asset objects unloaded after import = 95

========================================================================
Received Import Request.
  Time since last request: 29.506091 seconds.
  path: Assets/_3DStealthGame/Prefabs/Characters/Player.prefab
  artifactKey: Guid(dcfdfab2c3b5d6147b47a7db25dc9717) Importer(2089858483,192608db42251d675da83286b1cce702)
Start importing Assets/_3DStealthGame/Prefabs/Characters/Player.prefab using Guid(dcfdfab2c3b5d6147b47a7db25dc9717) Importer(2089858483,192608db42251d675da83286b1cce702) (ScriptedImporter) -> (artifact id: 'a0bcde145a2ca75c9f71a245beb70d3f') in 0.156554 seconds
Number of updated asset objects reloaded before import = 0Number of asset objects unloaded after import = 95

========================================================================
Received Prepare
Assembly reference Packages/com.unity.cinemachine/Editor/Samples/ExposeHDRPInternals/HDRP-Editor-ref.asmref has no target assembly definition
Assembly reference Packages/com.unity.cinemachine/Editor/Samples/ExposeHDRPInternals/HDRP-Editor-ref.asmref has no target assembly definition
Begin MonoManager ReloadAssembly
Duplicate assembly 'System.Runtime.CompilerServices.Unsafe.dll' with different versions detected, using 'Packages/com.unity.collections/Unity.Collections.Tests/System.Runtime.CompilerServices.Unsafe/System.Runtime.CompilerServices.Unsafe.dll, AssemblyName=System.Runtime.CompilerServices.Unsafe, Version=6.0.0.0, Culture=neutral, PublicKeyToken=b03f5f7f11d50a3a' and ignoring 'Packages/com.unity.ai.assistant/Plugins/Markdig/Dependencies/System.Runtime.CompilerServices.Unsafe.dll, AssemblyName=System.Runtime.CompilerServices.Unsafe, Version=4.0.6.0, Culture=neutral, PublicKeyToken=b03f5f7f11d50a3a'.Symbol file LoadedFromMemory is not a mono symbol file
Symbol file LoadedFromMemory is not a mono symbol file
- Loaded All Assemblies, in  3.696 seconds
Assembly reference Packages/com.unity.cinemachine/Editor/Samples/ExposeHDRPInternals/HDRP-Editor-ref.asmref has no target assembly definition
'Packages/com.unity.cinemachine/Editor/Obsolete/CinemachineVirtualCameraBaseEditor.cs' contains partial class of Unity.Object, exactly 1 of the partial classes needs to be in a file with the same filename. This is to know the one that can be referenced from ie. GameObjects
'Packages/com.unity.cinemachine/Editor/Editors/CinemachineVirtualCameraBaseEditor.cs' contains partial class of Unity.Object, exactly 1 of the partial classes needs to be in a file with the same filename. This is to know the one that can be referenced from ie. GameObjects
Refreshing native plugins compatible for Editor in 12.94 ms, found 7 plugins.
Native extension for UWP target not found
Native extension for WindowsStandalone target not found
Native extension for WebGL target not found
Assembly reference Packages/com.unity.cinemachine/Editor/Samples/ExposeHDRPInternals/HDRP-Editor-ref.asmref has no target assembly definition
[Package Manager] Failed to launch server process. Reason: Unity was launched with the -noUpm command-line argument
[Package Manager] Unable to send message (not connected to server process).
[Package Manager] Cannot connect to Unity Package Manager local server
Mono: successfully reloaded assembly
- Finished resetting the current domain, in  3.455 seconds
Domain Reload Profiling: 7159ms
	BeginReloadAssembly (1010ms)
		ExecutionOrderSort (0ms)
		DisableScriptedObjects (142ms)
		BackupInstance (0ms)
		ReleaseScriptingObjects (1ms)
		CreateAndSetChildDomain (412ms)
	RebuildCommonClasses (177ms)
	RebuildNativeTypeToScriptingClass (54ms)
	initialDomainReloadingComplete (99ms)
	LoadAllAssembliesAndSetupDomain (2363ms)
		LoadAssemblies (1772ms)
		RebuildTransferFunctionScriptingTraits (0ms)
		AnalyzeDomain (892ms)
			TypeCache.Refresh (31ms)
				TypeCache.ScanAssembly (2ms)
			BuildScriptInfoCaches (819ms)
			ResolveRequiredComponents (31ms)
	FinalizeReload (3456ms)
		ReleaseScriptCaches (0ms)
		RebuildScriptCaches (0ms)
		SetupLoadedEditorAssemblies (2919ms)
			LogAssemblyErrors (0ms)
			InitializePlatformSupportModulesInManaged (7ms)
			SetLoadedEditorAssemblies (11ms)
			BeforeProcessingInitializeOnLoad (668ms)
			ProcessInitializeOnLoadAttributes (1736ms)
			ProcessInitializeOnLoadMethodAttributes (489ms)
			AfterProcessingInitializeOnLoad (6ms)
			EditorAssembliesLoaded (1ms)
		ExecutionOrderSort2 (0ms)
		AwakeInstancesAfterBackupRestoration (46ms)
Refreshing native plugins compatible for Editor in 10.23 ms, found 7 plugins.
Preloading 0 native plugins for Editor in 0.00 ms.
Unloading 67 Unused Serialized files (Serialized files now loaded: 0)
Unloading 8116 unused Assets / (20.6 MB). Loaded Objects now: 9123.
Memory consumption went from 186.6 MB to 166.1 MB.
Total: 34.413100 ms (FindLiveObjects: 1.707500 ms CreateObjectMapping: 2.646000 ms MarkObjects: 13.550200 ms  DeleteObjects: 16.507200 ms)

Prepare: number of updated asset objects reloaded= 0
========================================================================
Received Import Request.
  Time since last request: 211.615408 seconds.
  path: Assets/_3DStealthGame/Scripts/PlayerMovement.cs
  artifactKey: Guid(86896e74253be974087d57269d65c059) Importer(2089858483,192608db42251d675da83286b1cce702)
Start importing Assets/_3DStealthGame/Scripts/PlayerMovement.cs using Guid(86896e74253be974087d57269d65c059) Importer(2089858483,192608db42251d675da83286b1cce702) (ScriptedImporter) -> (artifact id: 'f9d732fa0d04b0f0e072d66d0a9306bb') in 0.4980361 seconds
Number of updated asset objects reloaded before import = 0Number of asset objects unloaded after import = 0

========================================================================
Received Prepare
Assembly reference Packages/com.unity.cinemachine/Editor/Samples/ExposeHDRPInternals/HDRP-Editor-ref.asmref has no target assembly definition
Assembly reference Packages/com.unity.cinemachine/Editor/Samples/ExposeHDRPInternals/HDRP-Editor-ref.asmref has no target assembly definition
Begin MonoManager ReloadAssembly
Duplicate assembly 'System.Runtime.CompilerServices.Unsafe.dll' with different versions detected, using 'Packages/com.unity.collections/Unity.Collections.Tests/System.Runtime.CompilerServices.Unsafe/System.Runtime.CompilerServices.Unsafe.dll, AssemblyName=System.Runtime.CompilerServices.Unsafe, Version=6.0.0.0, Culture=neutral, PublicKeyToken=b03f5f7f11d50a3a' and ignoring 'Packages/com.unity.ai.assistant/Plugins/Markdig/Dependencies/System.Runtime.CompilerServices.Unsafe.dll, AssemblyName=System.Runtime.CompilerServices.Unsafe, Version=4.0.6.0, Culture=neutral, PublicKeyToken=b03f5f7f11d50a3a'.Symbol file LoadedFromMemory is not a mono symbol file
Symbol file LoadedFromMemory is not a mono symbol file
- Loaded All Assemblies, in  3.296 seconds
Assembly reference Packages/com.unity.cinemachine/Editor/Samples/ExposeHDRPInternals/HDRP-Editor-ref.asmref has no target assembly definition
'Packages/com.unity.cinemachine/Editor/Obsolete/CinemachineVirtualCameraBaseEditor.cs' contains partial class of Unity.Object, exactly 1 of the partial classes needs to be in a file with the same filename. This is to know the one that can be referenced from ie. GameObjects
'Packages/com.unity.cinemachine/Editor/Editors/CinemachineVirtualCameraBaseEditor.cs' contains partial class of Unity.Object, exactly 1 of the partial classes needs to be in a file with the same filename. This is to know the one that can be referenced from ie. GameObjects
Refreshing native plugins compatible for Editor in 12.07 ms, found 7 plugins.
Native extension for UWP target not found
Native extension for WindowsStandalone target not found
Native extension for WebGL target not found
Assembly reference Packages/com.unity.cinemachine/Editor/Samples/ExposeHDRPInternals/HDRP-Editor-ref.asmref has no target assembly definition
[Package Manager] Failed to launch server process. Reason: Unity was launched with the -noUpm command-line argument
[Package Manager] Unable to send message (not connected to server process).
[Package Manager] Cannot connect to Unity Package Manager local server
Mono: successfully reloaded assembly
- Finished resetting the current domain, in  5.858 seconds
Domain Reload Profiling: 9160ms
	BeginReloadAssembly (673ms)
		ExecutionOrderSort (0ms)
		DisableScriptedObjects (22ms)
		BackupInstance (0ms)
		ReleaseScriptingObjects (0ms)
		CreateAndSetChildDomain (176ms)
	RebuildCommonClasses (101ms)
	RebuildNativeTypeToScriptingClass (36ms)
	initialDomainReloadingComplete (71ms)
	LoadAllAssembliesAndSetupDomain (2419ms)
		LoadAssemblies (1640ms)
		RebuildTransferFunctionScriptingTraits (0ms)
		AnalyzeDomain (1085ms)
			TypeCache.Refresh (17ms)
				TypeCache.ScanAssembly (0ms)
			BuildScriptInfoCaches (1022ms)
			ResolveRequiredComponents (34ms)
	FinalizeReload (5859ms)
		ReleaseScriptCaches (0ms)
		RebuildScriptCaches (0ms)
		SetupLoadedEditorAssemblies (4957ms)
			LogAssemblyErrors (0ms)
			InitializePlatformSupportModulesInManaged (5ms)
			SetLoadedEditorAssemblies (12ms)
			BeforeProcessingInitializeOnLoad (851ms)
			ProcessInitializeOnLoadAttributes (3304ms)
			ProcessInitializeOnLoadMethodAttributes (770ms)
			AfterProcessingInitializeOnLoad (14ms)
			EditorAssembliesLoaded (1ms)
		ExecutionOrderSort2 (0ms)
		AwakeInstancesAfterBackupRestoration (103ms)
Refreshing native plugins compatible for Editor in 18.64 ms, found 7 plugins.
Preloading 0 native plugins for Editor in 0.00 ms.
Unloading 67 Unused Serialized files (Serialized files now loaded: 0)
Unloading 8116 unused Assets / (20.4 MB). Loaded Objects now: 9125.
Memory consumption went from 186.5 MB to 166.1 MB.
Total: 50.466800 ms (FindLiveObjects: 4.755300 ms CreateObjectMapping: 3.436200 ms MarkObjects: 16.542900 ms  DeleteObjects: 25.730100 ms)

Prepare: number of updated asset objects reloaded= 0
========================================================================
Received Import Request.
  Time since last request: 128.103293 seconds.
  path: Assets/_3DStealthGame/Art/Models/Walls/Wall_Corner_A.FBX
  artifactKey: Guid(00c654ce54b29e240ace6db273485c85) Importer(815301076,1909f56bfc062723c751e8b465ee728b)
Start importing Assets/_3DStealthGame/Art/Models/Walls/Wall_Corner_A.FBX using Guid(00c654ce54b29e240ace6db273485c85) Importer(815301076,1909f56bfc062723c751e8b465ee728b) (PreviewImporter) -> (artifact id: '5ea99b3bd0d0e7be45b005438e1c4f50') in 1.7899707 seconds
Number of updated asset objects reloaded before import = 0Number of asset objects unloaded after import = 8

========================================================================
Received Import Request.
  Time since last request: 8.370142 seconds.
  path: Assets/_3DStealthGame/Art/Models/Walls/Wall_Window_Double.FBX
  artifactKey: Guid(a4df8a27dda9a294fb48f73426a77dd0) Importer(815301076,1909f56bfc062723c751e8b465ee728b)
Start importing Assets/_3DStealthGame/Art/Models/Walls/Wall_Window_Double.FBX using Guid(a4df8a27dda9a294fb48f73426a77dd0) Importer(815301076,1909f56bfc062723c751e8b465ee728b) (PreviewImporter) -> (artifact id: 'ae42028f7fee4a9c367af2592ab707c5') in 0.8743259 seconds
Number of updated asset objects reloaded before import = 0Number of asset objects unloaded after import = 20

========================================================================
Received Import Request.
  Time since last request: 0.702961 seconds.
  path: Assets/_3DStealthGame/Art/Models/Walls/Wall_Window_Tripple.FBX
  artifactKey: Guid(216b7fe602d628a49b4213cfd566ade1) Importer(815301076,1909f56bfc062723c751e8b465ee728b)
Start importing Assets/_3DStealthGame/Art/Models/Walls/Wall_Window_Tripple.FBX using Guid(216b7fe602d628a49b4213cfd566ade1) Importer(815301076,1909f56bfc062723c751e8b465ee728b) (PreviewImporter) -> (artifact id: 'a9bef7d12565ad23801003c54ada43d5') in 0.2539515 seconds
Number of updated asset objects reloaded before import = 0Number of asset objects unloaded after import = 15

========================================================================
Received Import Request.
  Time since last request: 6.647795 seconds.
  path: Assets/_3DStealthGame/Art/Models/Walls/Wall_Straight_D.FBX
  artifactKey: Guid(7d7200f5f3350bf4da136016e6d8e7bc) Importer(815301076,1909f56bfc062723c751e8b465ee728b)
Start importing Assets/_3DStealthGame/Art/Models/Walls/Wall_Straight_D.FBX using Guid(7d7200f5f3350bf4da136016e6d8e7bc) Importer(815301076,1909f56bfc062723c751e8b465ee728b) (PreviewImporter) -> (artifact id: 'fe52e997823983850d7522bff4eaed41') in 0.4140257 seconds
Number of updated asset objects reloaded before import = 0Number of asset objects unloaded after import = 8

========================================================================
Received Import Request.
  Time since last request: 3.407592 seconds.
  path: Assets/_3DStealthGame/Art/Models/Walls/Wall_Straight_A.FBX
  artifactKey: Guid(e137999f144f9dd45af25b64da167a90) Importer(815301076,1909f56bfc062723c751e8b465ee728b)
Start importing Assets/_3DStealthGame/Art/Models/Walls/Wall_Straight_A.FBX using Guid(e137999f144f9dd45af25b64da167a90) Importer(815301076,1909f56bfc062723c751e8b465ee728b) (PreviewImporter) -> (artifact id: 'cf839fa45d092af183751b4dbddb8e20') in 0.1295379 seconds
Number of updated asset objects reloaded before import = 0Number of asset objects unloaded after import = 8

========================================================================
Received Import Request.
  Time since last request: 0.407507 seconds.
  path: Assets/_3DStealthGame/Art/Models/Walls/Wall_Straight_B.FBX
  artifactKey: Guid(c5d18da2679e25245a660c82bd8f3b32) Importer(815301076,1909f56bfc062723c751e8b465ee728b)
Start importing Assets/_3DStealthGame/Art/Models/Walls/Wall_Straight_B.FBX using Guid(c5d18da2679e25245a660c82bd8f3b32) Importer(815301076,1909f56bfc062723c751e8b465ee728b) (PreviewImporter) -> (artifact id: '3cdf2455d2265fd2c8e7c6786ce1ab7e') in 0.1710507 seconds
Number of updated asset objects reloaded before import = 0Number of asset objects unloaded after import = 8

========================================================================
Received Import Request.
  Time since last request: 2.661425 seconds.
  path: Assets/_3DStealthGame/Art/Models/Walls/Wall_End.FBX
  artifactKey: Guid(1cf2422b925e9a147b82161de65b4598) Importer(815301076,1909f56bfc062723c751e8b465ee728b)
Start importing Assets/_3DStealthGame/Art/Models/Walls/Wall_End.FBX using Guid(1cf2422b925e9a147b82161de65b4598) Importer(815301076,1909f56bfc062723c751e8b465ee728b) (PreviewImporter) -> (artifact id: '371c4e3ebe9cb9417a02d63fe95f1019') in 0.3665982 seconds
Number of updated asset objects reloaded before import = 0Number of asset objects unloaded after import = 15

========================================================================
Received Import Request.
  Time since last request: 316.644249 seconds.
  path: Assets/_3DStealthGame/Scenes/Main.unity
  artifactKey: Guid(2fd2aeda3a6c2b64ca0187777af1b8c6) Importer(2089858483,192608db42251d675da83286b1cce702)
Start importing Assets/_3DStealthGame/Scenes/Main.unity using Guid(2fd2aeda3a6c2b64ca0187777af1b8c6) Importer(2089858483,192608db42251d675da83286b1cce702) (ScriptedImporter) -> (artifact id: '6d39bc3786cdabc3ea369fea8dbcf27a') in 0.3910075 seconds
Number of updated asset objects reloaded before import = 0Number of asset objects unloaded after import = 1

========================================================================
Received Import Request.
  Time since last request: 21.733515 seconds.
  path: Assets/_3DStealthGame/Art/Models/Corridor
  artifactKey: Guid(5705412ea30b1c54ea1d7209b6041e2f) Importer(815301076,1909f56bfc062723c751e8b465ee728b)
Start importing Assets/_3DStealthGame/Art/Models/Corridor using Guid(5705412ea30b1c54ea1d7209b6041e2f) Importer(815301076,1909f56bfc062723c751e8b465ee728b) (PreviewImporter) -> (artifact id: 'b5b9048c13af452ede737c7ddafe096b') in 0.0151665 seconds
Number of updated asset objects reloaded before import = 0Number of asset objects unloaded after import = 0

========================================================================
Received Import Request.
  Time since last request: 44.633786 seconds.
  path: Assets/_3DStealthGame/Art/Shaders/FogPlane.shadergraph
  artifactKey: Guid(63a1f2b31168bea48b8ceee0c42ee1b8) Importer(815301076,1909f56bfc062723c751e8b465ee728b)
Start importing Assets/_3DStealthGame/Art/Shaders/FogPlane.shadergraph using Guid(63a1f2b31168bea48b8ceee0c42ee1b8) Importer(815301076,1909f56bfc062723c751e8b465ee728b) (PreviewImporter) -> (artifact id: 'bc04377db14856c170fb7089145c6f99') in 1.7293445 seconds
Number of updated asset objects reloaded before import = 0Number of asset objects unloaded after import = 4

========================================================================
Received Import Request.
  Time since last request: 7.738134 seconds.
  path: Assets/_3DStealthGame/Art/Shaders/GhostShader.shadergraph
  artifactKey: Guid(b530046beb8b0c8468ae2b68c00f0b13) Importer(815301076,1909f56bfc062723c751e8b465ee728b)
Start importing Assets/_3DStealthGame/Art/Shaders/GhostShader.shadergraph using Guid(b530046beb8b0c8468ae2b68c00f0b13) Importer(815301076,1909f56bfc062723c751e8b465ee728b) (PreviewImporter) -> (artifact id: 'e4d78a7d99e604fd4fa0676e75062ccd') in 1.2770572 seconds
Number of updated asset objects reloaded before import = 0Number of asset objects unloaded after import = 10

========================================================================
Received Import Request.
  Time since last request: 1.291258 seconds.
  path: Assets/_3DStealthGame/Art/Shaders/Toon
  artifactKey: Guid(549c7acdc47ae4649be899ef09b3fe77) Importer(815301076,1909f56bfc062723c751e8b465ee728b)
Start importing Assets/_3DStealthGame/Art/Shaders/Toon using Guid(549c7acdc47ae4649be899ef09b3fe77) Importer(815301076,1909f56bfc062723c751e8b465ee728b) (PreviewImporter) -> (artifact id: 'ab5d2fd6029029342ef898fdcd788054') in 0.0280973 seconds
Number of updated asset objects reloaded before import = 0Number of asset objects unloaded after import = 0

========================================================================
Received Import Request.
  Time since last request: 29.893445 seconds.
  path: Assets/_3DStealthGame/Art/Materials
  artifactKey: Guid(3f0f264239b4ea943937dd9d0fc60963) Importer(815301076,1909f56bfc062723c751e8b465ee728b)
Start importing Assets/_3DStealthGame/Art/Materials using Guid(3f0f264239b4ea943937dd9d0fc60963) Importer(815301076,1909f56bfc062723c751e8b465ee728b) (PreviewImporter) -> (artifact id: 'de30b33ce8ead7d237e771f02043e830') in 0.0170789 seconds
Number of updated asset objects reloaded before import = 0Number of asset objects unloaded after import = 0

========================================================================
Received Import Request.
  Time since last request: 1720.288489 seconds.
  path: Assets/_3DStealthGame/Scenes/Main.unity
  artifactKey: Guid(2fd2aeda3a6c2b64ca0187777af1b8c6) Importer(2089858483,192608db42251d675da83286b1cce702)
Start importing Assets/_3DStealthGame/Scenes/Main.unity using Guid(2fd2aeda3a6c2b64ca0187777af1b8c6) Importer(2089858483,192608db42251d675da83286b1cce702) (ScriptedImporter) -> (artifact id: '56009e7ccf9fd7ed2652cc30138afc5e') in 0.1418095 seconds
Number of updated asset objects reloaded before import = 0Number of asset objects unloaded after import = 1

========================================================================
Received Import Request.
  Time since last request: 120.913865 seconds.
  path: Assets/_3DStealthGame/Scenes/Main/NavMesh-Room Bay Window.asset
  artifactKey: Guid(2b559014c469a8143bec17aff9c6cf1d) Importer(2089858483,192608db42251d675da83286b1cce702)
Start importing Assets/_3DStealthGame/Scenes/Main/NavMesh-Room Bay Window.asset using Guid(2b559014c469a8143bec17aff9c6cf1d) Importer(2089858483,192608db42251d675da83286b1cce702) (ScriptedImporter) -> (artifact id: '22d26c54fd55158e8a71ad00b2628577') in 0.1966858 seconds
Number of updated asset objects reloaded before import = 0Number of asset objects unloaded after import = 1

========================================================================
Received Import Request.
  Time since last request: 18.939122 seconds.
  path: Assets/_3DStealthGame/Scenes/Main.unity
  artifactKey: Guid(2fd2aeda3a6c2b64ca0187777af1b8c6) Importer(2089858483,192608db42251d675da83286b1cce702)
Start importing Assets/_3DStealthGame/Scenes/Main.unity using Guid(2fd2aeda3a6c2b64ca0187777af1b8c6) Importer(2089858483,192608db42251d675da83286b1cce702) (ScriptedImporter) -> (artifact id: '727030c6e313b9ec229db08b6f6e6631') in 0.0962081 seconds
Number of updated asset objects reloaded before import = 0Number of asset objects unloaded after import = 1

========================================================================
Received Import Request.
  Time since last request: 145.943352 seconds.
  path: Assets/_3DStealthGame/Scenes/Main.unity
  artifactKey: Guid(2fd2aeda3a6c2b64ca0187777af1b8c6) Importer(2089858483,192608db42251d675da83286b1cce702)
Start importing Assets/_3DStealthGame/Scenes/Main.unity using Guid(2fd2aeda3a6c2b64ca0187777af1b8c6) Importer(2089858483,192608db42251d675da83286b1cce702) (ScriptedImporter) -> (artifact id: 'c7ac1bfba2d09e09f51ae4703ed43f7c') in 0.0464446 seconds
Number of updated asset objects reloaded before import = 0Number of asset objects unloaded after import = 1

========================================================================
Received Import Request.
  Time since last request: 183.838436 seconds.
  path: Assets/_3DStealthGame/Tutorial_Demo/Demo_Scenes/MainMenu.unity
  artifactKey: Guid(e0afa25d30aeb924895fa68e23be7af2) Importer(815301076,1909f56bfc062723c751e8b465ee728b)
Start importing Assets/_3DStealthGame/Tutorial_Demo/Demo_Scenes/MainMenu.unity using Guid(e0afa25d30aeb924895fa68e23be7af2) Importer(815301076,1909f56bfc062723c751e8b465ee728b) (PreviewImporter) -> (artifact id: 'da686e601a97f98f8deded60ad76ce86') in 0.0048687 seconds
Number of updated asset objects reloaded before import = 0Number of asset objects unloaded after import = 0

========================================================================
Received Import Request.
  Time since last request: 131.145053 seconds.
  path: Assets/_3DStealthGame/Scenes/Main.unity
  artifactKey: Guid(2fd2aeda3a6c2b64ca0187777af1b8c6) Importer(815301076,1909f56bfc062723c751e8b465ee728b)
Start importing Assets/_3DStealthGame/Scenes/Main.unity using Guid(2fd2aeda3a6c2b64ca0187777af1b8c6) Importer(815301076,1909f56bfc062723c751e8b465ee728b) (PreviewImporter) -> (artifact id: 'd19f3e2b55c6e595369a9772719a4929') in 0.0042581 seconds
Number of updated asset objects reloaded before import = 0Number of asset objects unloaded after import = 0

========================================================================
Received Import Request.
  Time since last request: 91.924184 seconds.
  path: Assets/_3DStealthGame/Scenes/MainMenu.unity
  artifactKey: Guid(e0afa25d30aeb924895fa68e23be7af2) Importer(2089858483,192608db42251d675da83286b1cce702)
Start importing Assets/_3DStealthGame/Scenes/MainMenu.unity using Guid(e0afa25d30aeb924895fa68e23be7af2) Importer(2089858483,192608db42251d675da83286b1cce702) (ScriptedImporter) -> (artifact id: '12e9e1a3db9d66f6bf173484e9de199b') in 0.245255 seconds
Number of updated asset objects reloaded before import = 0Number of asset objects unloaded after import = 1

========================================================================
Received Prepare
Assembly reference Packages/com.unity.cinemachine/Editor/Samples/ExposeHDRPInternals/HDRP-Editor-ref.asmref has no target assembly definition
Assembly reference Packages/com.unity.cinemachine/Editor/Samples/ExposeHDRPInternals/HDRP-Editor-ref.asmref has no target assembly definition
Begin MonoManager ReloadAssembly
Duplicate assembly 'System.Runtime.CompilerServices.Unsafe.dll' with different versions detected, using 'Packages/com.unity.collections/Unity.Collections.Tests/System.Runtime.CompilerServices.Unsafe/System.Runtime.CompilerServices.Unsafe.dll, AssemblyName=System.Runtime.CompilerServices.Unsafe, Version=6.0.0.0, Culture=neutral, PublicKeyToken=b03f5f7f11d50a3a' and ignoring 'Packages/com.unity.ai.assistant/Plugins/Markdig/Dependencies/System.Runtime.CompilerServices.Unsafe.dll, AssemblyName=System.Runtime.CompilerServices.Unsafe, Version=4.0.6.0, Culture=neutral, PublicKeyToken=b03f5f7f11d50a3a'.Symbol file LoadedFromMemory is not a mono symbol file
Symbol file LoadedFromMemory is not a mono symbol file
- Loaded All Assemblies, in 14.050 seconds
Assembly reference Packages/com.unity.cinemachine/Editor/Samples/ExposeHDRPInternals/HDRP-Editor-ref.asmref has no target assembly definition
'Packages/com.unity.cinemachine/Editor/Obsolete/CinemachineVirtualCameraBaseEditor.cs' contains partial class of Unity.Object, exactly 1 of the partial classes needs to be in a file with the same filename. This is to know the one that can be referenced from ie. GameObjects
'Packages/com.unity.cinemachine/Editor/Editors/CinemachineVirtualCameraBaseEditor.cs' contains partial class of Unity.Object, exactly 1 of the partial classes needs to be in a file with the same filename. This is to know the one that can be referenced from ie. GameObjects
Refreshing native plugins compatible for Editor in 4.71 ms, found 7 plugins.
Native extension for UWP target not found
Native extension for WindowsStandalone target not found
Native extension for WebGL target not found
Assembly reference Packages/com.unity.cinemachine/Editor/Samples/ExposeHDRPInternals/HDRP-Editor-ref.asmref has no target assembly definition
[Package Manager] Failed to launch server process. Reason: Unity was launched with the -noUpm command-line argument
[Package Manager] Unable to send message (not connected to server process).
[Package Manager] Cannot connect to Unity Package Manager local server
Mono: successfully reloaded assembly
- Finished resetting the current domain, in  3.058 seconds
Domain Reload Profiling: 17117ms
	BeginReloadAssembly (6064ms)
		ExecutionOrderSort (4ms)
		DisableScriptedObjects (622ms)
		BackupInstance (0ms)
		ReleaseScriptingObjects (5ms)
		CreateAndSetChildDomain (2965ms)
	RebuildCommonClasses (150ms)
	RebuildNativeTypeToScriptingClass (75ms)
	initialDomainReloadingComplete (162ms)
	LoadAllAssembliesAndSetupDomain (7607ms)
		LoadAssemblies (5655ms)
		RebuildTransferFunctionScriptingTraits (0ms)
		AnalyzeDomain (3149ms)
			TypeCache.Refresh (385ms)
				TypeCache.ScanAssembly (0ms)
			BuildScriptInfoCaches (2723ms)
			ResolveRequiredComponents (21ms)
	FinalizeReload (3059ms)
		ReleaseScriptCaches (0ms)
		RebuildScriptCaches (0ms)
		SetupLoadedEditorAssemblies (2622ms)
			LogAssemblyErrors (0ms)
			InitializePlatformSupportModulesInManaged (5ms)
			SetLoadedEditorAssemblies (72ms)
			BeforeProcessingInitializeOnLoad (766ms)
			ProcessInitializeOnLoadAttributes (1384ms)
			ProcessInitializeOnLoadMethodAttributes (389ms)
			AfterProcessingInitializeOnLoad (6ms)
			EditorAssembliesLoaded (1ms)
		ExecutionOrderSort2 (0ms)
		AwakeInstancesAfterBackupRestoration (41ms)
Refreshing native plugins compatible for Editor in 7.20 ms, found 7 plugins.
Preloading 0 native plugins for Editor in 0.00 ms.
Unloading 68 Unused Serialized files (Serialized files now loaded: 0)
Unloading 8116 unused Assets / (24.7 MB). Loaded Objects now: 9182.
Memory consumption went from 187.6 MB to 162.9 MB.
Total: 104.079700 ms (FindLiveObjects: 1.552300 ms CreateObjectMapping: 1.616100 ms MarkObjects: 10.679400 ms  DeleteObjects: 90.229700 ms)

Prepare: number of updated asset objects reloaded= 0
========================================================================
Received Prepare
Assembly reference Packages/com.unity.cinemachine/Editor/Samples/ExposeHDRPInternals/HDRP-Editor-ref.asmref has no target assembly definition
Assembly reference Packages/com.unity.cinemachine/Editor/Samples/ExposeHDRPInternals/HDRP-Editor-ref.asmref has no target assembly definition
Begin MonoManager ReloadAssembly
Duplicate assembly 'System.Runtime.CompilerServices.Unsafe.dll' with different versions detected, using 'Packages/com.unity.collections/Unity.Collections.Tests/System.Runtime.CompilerServices.Unsafe/System.Runtime.CompilerServices.Unsafe.dll, AssemblyName=System.Runtime.CompilerServices.Unsafe, Version=6.0.0.0, Culture=neutral, PublicKeyToken=b03f5f7f11d50a3a' and ignoring 'Packages/com.unity.ai.assistant/Plugins/Markdig/Dependencies/System.Runtime.CompilerServices.Unsafe.dll, AssemblyName=System.Runtime.CompilerServices.Unsafe, Version=4.0.6.0, Culture=neutral, PublicKeyToken=b03f5f7f11d50a3a'.Symbol file LoadedFromMemory is not a mono symbol file
Symbol file LoadedFromMemory is not a mono symbol file
- Loaded All Assemblies, in  4.084 seconds
Assembly reference Packages/com.unity.cinemachine/Editor/Samples/ExposeHDRPInternals/HDRP-Editor-ref.asmref has no target assembly definition
'Packages/com.unity.cinemachine/Editor/Obsolete/CinemachineVirtualCameraBaseEditor.cs' contains partial class of Unity.Object, exactly 1 of the partial classes needs to be in a file with the same filename. This is to know the one that can be referenced from ie. GameObjects
'Packages/com.unity.cinemachine/Editor/Editors/CinemachineVirtualCameraBaseEditor.cs' contains partial class of Unity.Object, exactly 1 of the partial classes needs to be in a file with the same filename. This is to know the one that can be referenced from ie. GameObjects
Refreshing native plugins compatible for Editor in 24.76 ms, found 7 plugins.
Native extension for UWP target not found
Native extension for WindowsStandalone target not found
Native extension for WebGL target not found
Assembly reference Packages/com.unity.cinemachine/Editor/Samples/ExposeHDRPInternals/HDRP-Editor-ref.asmref has no target assembly definition
[Package Manager] Failed to launch server process. Reason: Unity was launched with the -noUpm command-line argument
[Package Manager] Unable to send message (not connected to server process).
[Package Manager] Cannot connect to Unity Package Manager local server
Mono: successfully reloaded assembly
- Finished resetting the current domain, in  5.017 seconds
Domain Reload Profiling: 9099ms
	BeginReloadAssembly (736ms)
		ExecutionOrderSort (0ms)
		DisableScriptedObjects (23ms)
		BackupInstance (0ms)
		ReleaseScriptingObjects (0ms)
		CreateAndSetChildDomain (165ms)
	RebuildCommonClasses (156ms)
	RebuildNativeTypeToScriptingClass (329ms)
	initialDomainReloadingComplete (446ms)
	LoadAllAssembliesAndSetupDomain (2413ms)
		LoadAssemblies (1666ms)
		RebuildTransferFunctionScriptingTraits (0ms)
		AnalyzeDomain (1135ms)
			TypeCache.Refresh (15ms)
				TypeCache.ScanAssembly (0ms)
			BuildScriptInfoCaches (1057ms)
			ResolveRequiredComponents (39ms)
	FinalizeReload (5018ms)
		ReleaseScriptCaches (0ms)
		RebuildScriptCaches (0ms)
		SetupLoadedEditorAssemblies (4076ms)
			LogAssemblyErrors (0ms)
			InitializePlatformSupportModulesInManaged (24ms)
			SetLoadedEditorAssemblies (12ms)
			BeforeProcessingInitializeOnLoad (766ms)
			ProcessInitializeOnLoadAttributes (2257ms)
			ProcessInitializeOnLoadMethodAttributes (1002ms)
			AfterProcessingInitializeOnLoad (13ms)
			EditorAssembliesLoaded (2ms)
		ExecutionOrderSort2 (0ms)
		AwakeInstancesAfterBackupRestoration (77ms)
Refreshing native plugins compatible for Editor in 40.35 ms, found 7 plugins.
Preloading 0 native plugins for Editor in 0.00 ms.
Unloading 67 Unused Serialized files (Serialized files now loaded: 0)
Unloading 8116 unused Assets / (24.6 MB). Loaded Objects now: 9184.
Memory consumption went from 190.8 MB to 166.2 MB.
Total: 226.223200 ms (FindLiveObjects: 3.460500 ms CreateObjectMapping: 14.326800 ms MarkObjects: 98.847400 ms  DeleteObjects: 109.585800 ms)

Prepare: number of updated asset objects reloaded= 0
========================================================================
Received Import Request.
  Time since last request: 210.239925 seconds.
  path: Assets/_3DStealthGame/Art/PostProcessing/Scary Volume Profile.asset
  artifactKey: Guid(05891a7f5c0a0684c93ecc7c2e7f4b0a) Importer(2089858483,192608db42251d675da83286b1cce702)
Start importing Assets/_3DStealthGame/Art/PostProcessing/Scary Volume Profile.asset using Guid(05891a7f5c0a0684c93ecc7c2e7f4b0a) Importer(2089858483,192608db42251d675da83286b1cce702) (ScriptedImporter) -> (artifact id: '8a3646d5c596805cffdac982fd2f1274') in 0.6030302 seconds
Number of updated asset objects reloaded before import = 0Number of asset objects unloaded after import = 6

========================================================================
Received Import Request.
  Time since last request: 0.000069 seconds.
  path: Assets/_3DStealthGame/Scenes/Main.unity
  artifactKey: Guid(2fd2aeda3a6c2b64ca0187777af1b8c6) Importer(2089858483,192608db42251d675da83286b1cce702)
Start importing Assets/_3DStealthGame/Scenes/Main.unity using Guid(2fd2aeda3a6c2b64ca0187777af1b8c6) Importer(2089858483,192608db42251d675da83286b1cce702) (ScriptedImporter) -> (artifact id: 'c955308ba1574b74816a05f6600c8eae') in 0.0474198 seconds
Number of updated asset objects reloaded before import = 0Number of asset objects unloaded after import = 1

========================================================================
Received Prepare
Assembly reference Packages/com.unity.cinemachine/Editor/Samples/ExposeHDRPInternals/HDRP-Editor-ref.asmref has no target assembly definition
Assembly reference Packages/com.unity.cinemachine/Editor/Samples/ExposeHDRPInternals/HDRP-Editor-ref.asmref has no target assembly definition
Begin MonoManager ReloadAssembly
Duplicate assembly 'System.Runtime.CompilerServices.Unsafe.dll' with different versions detected, using 'Packages/com.unity.collections/Unity.Collections.Tests/System.Runtime.CompilerServices.Unsafe/System.Runtime.CompilerServices.Unsafe.dll, AssemblyName=System.Runtime.CompilerServices.Unsafe, Version=6.0.0.0, Culture=neutral, PublicKeyToken=b03f5f7f11d50a3a' and ignoring 'Packages/com.unity.ai.assistant/Plugins/Markdig/Dependencies/System.Runtime.CompilerServices.Unsafe.dll, AssemblyName=System.Runtime.CompilerServices.Unsafe, Version=4.0.6.0, Culture=neutral, PublicKeyToken=b03f5f7f11d50a3a'.Symbol file LoadedFromMemory is not a mono symbol file
Symbol file LoadedFromMemory is not a mono symbol file
- Loaded All Assemblies, in  3.585 seconds
Assembly reference Packages/com.unity.cinemachine/Editor/Samples/ExposeHDRPInternals/HDRP-Editor-ref.asmref has no target assembly definition
'Packages/com.unity.cinemachine/Editor/Obsolete/CinemachineVirtualCameraBaseEditor.cs' contains partial class of Unity.Object, exactly 1 of the partial classes needs to be in a file with the same filename. This is to know the one that can be referenced from ie. GameObjects
'Packages/com.unity.cinemachine/Editor/Editors/CinemachineVirtualCameraBaseEditor.cs' contains partial class of Unity.Object, exactly 1 of the partial classes needs to be in a file with the same filename. This is to know the one that can be referenced from ie. GameObjects
Refreshing native plugins compatible for Editor in 25.19 ms, found 7 plugins.
Native extension for UWP target not found
Native extension for WindowsStandalone target not found
Native extension for WebGL target not found
Assembly reference Packages/com.unity.cinemachine/Editor/Samples/ExposeHDRPInternals/HDRP-Editor-ref.asmref has no target assembly definition
[Package Manager] Failed to launch server process. Reason: Unity was launched with the -noUpm command-line argument
[Package Manager] Unable to send message (not connected to server process).
[Package Manager] Cannot connect to Unity Package Manager local server
Mono: successfully reloaded assembly
- Finished resetting the current domain, in  8.506 seconds
Domain Reload Profiling: 12096ms
	BeginReloadAssembly (829ms)
		ExecutionOrderSort (0ms)
		DisableScriptedObjects (21ms)
		BackupInstance (0ms)
		ReleaseScriptingObjects (0ms)
		CreateAndSetChildDomain (192ms)
	RebuildCommonClasses (115ms)
	RebuildNativeTypeToScriptingClass (44ms)
	initialDomainReloadingComplete (84ms)
	LoadAllAssembliesAndSetupDomain (2516ms)
		LoadAssemblies (1500ms)
		RebuildTransferFunctionScriptingTraits (0ms)
		AnalyzeDomain (1400ms)
			TypeCache.Refresh (28ms)
				TypeCache.ScanAssembly (0ms)
			BuildScriptInfoCaches (1314ms)
			ResolveRequiredComponents (43ms)
	FinalizeReload (8509ms)
		ReleaseScriptCaches (0ms)
		RebuildScriptCaches (0ms)
		SetupLoadedEditorAssemblies (7873ms)
			LogAssemblyErrors (0ms)
			InitializePlatformSupportModulesInManaged (8ms)
			SetLoadedEditorAssemblies (11ms)
			BeforeProcessingInitializeOnLoad (2335ms)
			ProcessInitializeOnLoadAttributes (4032ms)
			ProcessInitializeOnLoadMethodAttributes (1464ms)
			AfterProcessingInitializeOnLoad (23ms)
			EditorAssembliesLoaded (1ms)
		ExecutionOrderSort2 (0ms)
		AwakeInstancesAfterBackupRestoration (76ms)
Refreshing native plugins compatible for Editor in 19.64 ms, found 7 plugins.
Preloading 0 native plugins for Editor in 0.00 ms.
Unloading 67 Unused Serialized files (Serialized files now loaded: 0)
Unloading 8116 unused Assets / (19.5 MB). Loaded Objects now: 9186.
Memory consumption went from 187.3 MB to 167.8 MB.
Total: 92.979800 ms (FindLiveObjects: 3.337400 ms CreateObjectMapping: 9.542900 ms MarkObjects: 25.661200 ms  DeleteObjects: 54.434400 ms)

Prepare: number of updated asset objects reloaded= 0
========================================================================
Received Import Request.
  Time since last request: 330.480742 seconds.
  path: Assets/_3DStealthGame/Scenes/Main/NavMesh-Plane (1).asset
  artifactKey: Guid(1cdebf5f5ca997a48b69e777765f9ea6) Importer(2089858483,192608db42251d675da83286b1cce702)
Start importing Assets/_3DStealthGame/Scenes/Main/NavMesh-Plane (1).asset using Guid(1cdebf5f5ca997a48b69e777765f9ea6) Importer(2089858483,192608db42251d675da83286b1cce702) (ScriptedImporter) -> (artifact id: 'd9fad98b0d0eb8f48462afde13c1e938') in 0.6238293 seconds
Number of updated asset objects reloaded before import = 0Number of asset objects unloaded after import = 1

========================================================================
Received Prepare
Assembly reference Packages/com.unity.cinemachine/Editor/Samples/ExposeHDRPInternals/HDRP-Editor-ref.asmref has no target assembly definition
Assembly reference Packages/com.unity.cinemachine/Editor/Samples/ExposeHDRPInternals/HDRP-Editor-ref.asmref has no target assembly definition
Begin MonoManager ReloadAssembly
Duplicate assembly 'System.Runtime.CompilerServices.Unsafe.dll' with different versions detected, using 'Packages/com.unity.collections/Unity.Collections.Tests/System.Runtime.CompilerServices.Unsafe/System.Runtime.CompilerServices.Unsafe.dll, AssemblyName=System.Runtime.CompilerServices.Unsafe, Version=6.0.0.0, Culture=neutral, PublicKeyToken=b03f5f7f11d50a3a' and ignoring 'Packages/com.unity.ai.assistant/Plugins/Markdig/Dependencies/System.Runtime.CompilerServices.Unsafe.dll, AssemblyName=System.Runtime.CompilerServices.Unsafe, Version=4.0.6.0, Culture=neutral, PublicKeyToken=b03f5f7f11d50a3a'.Symbol file LoadedFromMemory is not a mono symbol file
Symbol file LoadedFromMemory is not a mono symbol file
- Loaded All Assemblies, in  2.797 seconds
Assembly reference Packages/com.unity.cinemachine/Editor/Samples/ExposeHDRPInternals/HDRP-Editor-ref.asmref has no target assembly definition
'Packages/com.unity.cinemachine/Editor/Obsolete/CinemachineVirtualCameraBaseEditor.cs' contains partial class of Unity.Object, exactly 1 of the partial classes needs to be in a file with the same filename. This is to know the one that can be referenced from ie. GameObjects
'Packages/com.unity.cinemachine/Editor/Editors/CinemachineVirtualCameraBaseEditor.cs' contains partial class of Unity.Object, exactly 1 of the partial classes needs to be in a file with the same filename. This is to know the one that can be referenced from ie. GameObjects
Refreshing native plugins compatible for Editor in 7.51 ms, found 7 plugins.
Native extension for UWP target not found
Native extension for WindowsStandalone target not found
Native extension for WebGL target not found
Assembly reference Packages/com.unity.cinemachine/Editor/Samples/ExposeHDRPInternals/HDRP-Editor-ref.asmref has no target assembly definition
[Package Manager] Failed to launch server process. Reason: Unity was launched with the -noUpm command-line argument
[Package Manager] Unable to send message (not connected to server process).
[Package Manager] Cannot connect to Unity Package Manager local server
Mono: successfully reloaded assembly
- Finished resetting the current domain, in  5.254 seconds
Domain Reload Profiling: 8052ms
	BeginReloadAssembly (720ms)
		ExecutionOrderSort (0ms)
		DisableScriptedObjects (15ms)
		BackupInstance (0ms)
		ReleaseScriptingObjects (0ms)
		CreateAndSetChildDomain (305ms)
	RebuildCommonClasses (89ms)
	RebuildNativeTypeToScriptingClass (33ms)
	initialDomainReloadingComplete (77ms)
	LoadAllAssembliesAndSetupDomain (1877ms)
		LoadAssemblies (1119ms)
		RebuildTransferFunctionScriptingTraits (0ms)
		AnalyzeDomain (1031ms)
			TypeCache.Refresh (20ms)
				TypeCache.ScanAssembly (0ms)
			BuildScriptInfoCaches (957ms)
			ResolveRequiredComponents (41ms)
	FinalizeReload (5255ms)
		ReleaseScriptCaches (0ms)
		RebuildScriptCaches (0ms)
		SetupLoadedEditorAssemblies (4738ms)
			LogAssemblyErrors (0ms)
			InitializePlatformSupportModulesInManaged (7ms)
			SetLoadedEditorAssemblies (11ms)
			BeforeProcessingInitializeOnLoad (581ms)
			ProcessInitializeOnLoadAttributes (3121ms)
			ProcessInitializeOnLoadMethodAttributes (1006ms)
			AfterProcessingInitializeOnLoad (12ms)
			EditorAssembliesLoaded (1ms)
		ExecutionOrderSort2 (0ms)
		AwakeInstancesAfterBackupRestoration (106ms)
Refreshing native plugins compatible for Editor in 24.12 ms, found 7 plugins.
Preloading 0 native plugins for Editor in 0.00 ms.
Unloading 67 Unused Serialized files (Serialized files now loaded: 0)
Unloading 8116 unused Assets / (19.6 MB). Loaded Objects now: 9188.
Memory consumption went from 187.3 MB to 167.7 MB.
Total: 127.942000 ms (FindLiveObjects: 3.573200 ms CreateObjectMapping: 4.367100 ms MarkObjects: 26.124600 ms  DeleteObjects: 93.873900 ms)

Prepare: number of updated asset objects reloaded= 0
========================================================================
Received Import Request.
  Time since last request: 67.119706 seconds.
  path: Assets/_3DStealthGame/Scenes/Main/NavMesh-Plane (1) 1.asset
  artifactKey: Guid(8fe2616ecd0893742a222af9494a7df8) Importer(2089858483,192608db42251d675da83286b1cce702)
Start importing Assets/_3DStealthGame/Scenes/Main/NavMesh-Plane (1) 1.asset using Guid(8fe2616ecd0893742a222af9494a7df8) Importer(2089858483,192608db42251d675da83286b1cce702) (ScriptedImporter) -> (artifact id: 'b52e76f841f2f216c52db3b7d0f77205') in 0.5130797 seconds
Number of updated asset objects reloaded before import = 0Number of asset objects unloaded after import = 1

========================================================================
Received Import Request.
  Time since last request: 47.902903 seconds.
  path: Assets/_3DStealthGame/Scenes/Main/NavMesh-Plane (1) 2.asset
  artifactKey: Guid(9e96eea83122d074f9b3515498501fc0) Importer(2089858483,192608db42251d675da83286b1cce702)
Start importing Assets/_3DStealthGame/Scenes/Main/NavMesh-Plane (1) 2.asset using Guid(9e96eea83122d074f9b3515498501fc0) Importer(2089858483,192608db42251d675da83286b1cce702) (ScriptedImporter) -> (artifact id: 'a09581ec320337c209a28e0c22f47f65') in 0.0317642 seconds
Number of updated asset objects reloaded before import = 0Number of asset objects unloaded after import = 1

========================================================================
Received Import Request.
  Time since last request: 56.264808 seconds.
  path: Assets/_3DStealthGame/Scenes/Main/NavMesh-Plane.asset
  artifactKey: Guid(bab6ad3a8f786b448bb14445b301d2eb) Importer(2089858483,192608db42251d675da83286b1cce702)
Start importing Assets/_3DStealthGame/Scenes/Main/NavMesh-Plane.asset using Guid(bab6ad3a8f786b448bb14445b301d2eb) Importer(2089858483,192608db42251d675da83286b1cce702) (ScriptedImporter) -> (artifact id: '20d5f03b5cda569fda06d69241f18e1d') in 0.0389716 seconds
Number of updated asset objects reloaded before import = 0Number of asset objects unloaded after import = 1

========================================================================
Received Import Request.
  Time since last request: 26.106678 seconds.
  path: Assets/_3DStealthGame/Scenes/Main/NavMesh-Rug_Corridor.asset
  artifactKey: Guid(49886042d4760db4d88d9991f3d17bef) Importer(2089858483,192608db42251d675da83286b1cce702)
Start importing Assets/_3DStealthGame/Scenes/Main/NavMesh-Rug_Corridor.asset using Guid(49886042d4760db4d88d9991f3d17bef) Importer(2089858483,192608db42251d675da83286b1cce702) (ScriptedImporter) -> (artifact id: '8901f473fec10d4b0b1f9e2dd0bcd0d2') in 0.0552903 seconds
Number of updated asset objects reloaded before import = 0Number of asset objects unloaded after import = 1

========================================================================
Received Import Request.
  Time since last request: 35.459827 seconds.
  path: Assets/_3DStealthGame/Scenes/Main/NavMesh-Rug_Diningroom (3).asset
  artifactKey: Guid(94273a5929519194fa0fda60d8837dd4) Importer(2089858483,192608db42251d675da83286b1cce702)
Start importing Assets/_3DStealthGame/Scenes/Main/NavMesh-Rug_Diningroom (3).asset using Guid(94273a5929519194fa0fda60d8837dd4) Importer(2089858483,192608db42251d675da83286b1cce702) (ScriptedImporter) -> (artifact id: '3c24534c1d3944ac0d54e0eb346ce8e4') in 0.0362911 seconds
Number of updated asset objects reloaded before import = 0Number of asset objects unloaded after import = 1

========================================================================
Received Import Request.
  Time since last request: 21.489108 seconds.
  path: Assets/_3DStealthGame/Scenes/Main/NavMesh-Rug_Diningroom.asset
  artifactKey: Guid(4e46a8beee0721647875522d522bf75b) Importer(2089858483,192608db42251d675da83286b1cce702)
Start importing Assets/_3DStealthGame/Scenes/Main/NavMesh-Rug_Diningroom.asset using Guid(4e46a8beee0721647875522d522bf75b) Importer(2089858483,192608db42251d675da83286b1cce702) (ScriptedImporter) -> (artifact id: 'a9fa7cb58e6921856312b9fe215d7760') in 0.0297334 seconds
Number of updated asset objects reloaded before import = 0Number of asset objects unloaded after import = 1

========================================================================
Received Import Request.
  Time since last request: 39.833362 seconds.
  path: Assets/_3DStealthGame/Scenes/Main/NavMesh-Rug_Diningroom 1.asset
  artifactKey: Guid(89e6765c1a673694e802cf34085bd06b) Importer(2089858483,192608db42251d675da83286b1cce702)
Start importing Assets/_3DStealthGame/Scenes/Main/NavMesh-Rug_Diningroom 1.asset using Guid(89e6765c1a673694e802cf34085bd06b) Importer(2089858483,192608db42251d675da83286b1cce702) (ScriptedImporter) -> (artifact id: '2c179e6291849b224e68e8cac924c612') in 0.1023299 seconds
Number of updated asset objects reloaded before import = 0Number of asset objects unloaded after import = 1

========================================================================
Received Prepare
Assembly reference Packages/com.unity.cinemachine/Editor/Samples/ExposeHDRPInternals/HDRP-Editor-ref.asmref has no target assembly definition
Assembly reference Packages/com.unity.cinemachine/Editor/Samples/ExposeHDRPInternals/HDRP-Editor-ref.asmref has no target assembly definition
Begin MonoManager ReloadAssembly
Duplicate assembly 'System.Runtime.CompilerServices.Unsafe.dll' with different versions detected, using 'Packages/com.unity.collections/Unity.Collections.Tests/System.Runtime.CompilerServices.Unsafe/System.Runtime.CompilerServices.Unsafe.dll, AssemblyName=System.Runtime.CompilerServices.Unsafe, Version=6.0.0.0, Culture=neutral, PublicKeyToken=b03f5f7f11d50a3a' and ignoring 'Packages/com.unity.ai.assistant/Plugins/Markdig/Dependencies/System.Runtime.CompilerServices.Unsafe.dll, AssemblyName=System.Runtime.CompilerServices.Unsafe, Version=4.0.6.0, Culture=neutral, PublicKeyToken=b03f5f7f11d50a3a'.Symbol file LoadedFromMemory is not a mono symbol file
Symbol file LoadedFromMemory is not a mono symbol file
- Loaded All Assemblies, in  3.142 seconds
Assembly reference Packages/com.unity.cinemachine/Editor/Samples/ExposeHDRPInternals/HDRP-Editor-ref.asmref has no target assembly definition
'Packages/com.unity.cinemachine/Editor/Obsolete/CinemachineVirtualCameraBaseEditor.cs' contains partial class of Unity.Object, exactly 1 of the partial classes needs to be in a file with the same filename. This is to know the one that can be referenced from ie. GameObjects
'Packages/com.unity.cinemachine/Editor/Editors/CinemachineVirtualCameraBaseEditor.cs' contains partial class of Unity.Object, exactly 1 of the partial classes needs to be in a file with the same filename. This is to know the one that can be referenced from ie. GameObjects
Refreshing native plugins compatible for Editor in 12.90 ms, found 7 plugins.
Native extension for UWP target not found
Native extension for WindowsStandalone target not found
Native extension for WebGL target not found
Assembly reference Packages/com.unity.cinemachine/Editor/Samples/ExposeHDRPInternals/HDRP-Editor-ref.asmref has no target assembly definition
[Package Manager] Failed to launch server process. Reason: Unity was launched with the -noUpm command-line argument
[Package Manager] Unable to send message (not connected to server process).
[Package Manager] Cannot connect to Unity Package Manager local server
Mono: successfully reloaded assembly
- Finished resetting the current domain, in  7.223 seconds
Domain Reload Profiling: 10369ms
	BeginReloadAssembly (934ms)
		ExecutionOrderSort (0ms)
		DisableScriptedObjects (28ms)
		BackupInstance (0ms)
		ReleaseScriptingObjects (1ms)
		CreateAndSetChildDomain (392ms)
	RebuildCommonClasses (199ms)
	RebuildNativeTypeToScriptingClass (41ms)
	initialDomainReloadingComplete (85ms)
	LoadAllAssembliesAndSetupDomain (1885ms)
		LoadAssemblies (1220ms)
		RebuildTransferFunctionScriptingTraits (0ms)
		AnalyzeDomain (1012ms)
			TypeCache.Refresh (18ms)
				TypeCache.ScanAssembly (0ms)
			BuildScriptInfoCaches (950ms)
			ResolveRequiredComponents (30ms)
	FinalizeReload (7224ms)
		ReleaseScriptCaches (0ms)
		RebuildScriptCaches (0ms)
		SetupLoadedEditorAssemblies (6587ms)
			LogAssemblyErrors (0ms)
			InitializePlatformSupportModulesInManaged (8ms)
			SetLoadedEditorAssemblies (9ms)
			BeforeProcessingInitializeOnLoad (994ms)
			ProcessInitializeOnLoadAttributes (4262ms)
			ProcessInitializeOnLoadMethodAttributes (1299ms)
			AfterProcessingInitializeOnLoad (14ms)
			EditorAssembliesLoaded (1ms)
		ExecutionOrderSort2 (0ms)
		AwakeInstancesAfterBackupRestoration (101ms)
Refreshing native plugins compatible for Editor in 17.65 ms, found 7 plugins.
Preloading 0 native plugins for Editor in 0.00 ms.
Unloading 67 Unused Serialized files (Serialized files now loaded: 0)
Unloading 8116 unused Assets / (23.4 MB). Loaded Objects now: 9190.
Memory consumption went from 187.3 MB to 163.9 MB.
Total: 100.392100 ms (FindLiveObjects: 3.496700 ms CreateObjectMapping: 4.202200 ms MarkObjects: 25.891100 ms  DeleteObjects: 66.799000 ms)

Prepare: number of updated asset objects reloaded= 0
========================================================================
Received Prepare
Assembly reference Packages/com.unity.cinemachine/Editor/Samples/ExposeHDRPInternals/HDRP-Editor-ref.asmref has no target assembly definition
Assembly reference Packages/com.unity.cinemachine/Editor/Samples/ExposeHDRPInternals/HDRP-Editor-ref.asmref has no target assembly definition
Begin MonoManager ReloadAssembly
Duplicate assembly 'System.Runtime.CompilerServices.Unsafe.dll' with different versions detected, using 'Packages/com.unity.collections/Unity.Collections.Tests/System.Runtime.CompilerServices.Unsafe/System.Runtime.CompilerServices.Unsafe.dll, AssemblyName=System.Runtime.CompilerServices.Unsafe, Version=6.0.0.0, Culture=neutral, PublicKeyToken=b03f5f7f11d50a3a' and ignoring 'Packages/com.unity.ai.assistant/Plugins/Markdig/Dependencies/System.Runtime.CompilerServices.Unsafe.dll, AssemblyName=System.Runtime.CompilerServices.Unsafe, Version=4.0.6.0, Culture=neutral, PublicKeyToken=b03f5f7f11d50a3a'.Symbol file LoadedFromMemory is not a mono symbol file
Symbol file LoadedFromMemory is not a mono symbol file
- Loaded All Assemblies, in  2.765 seconds
Assembly reference Packages/com.unity.cinemachine/Editor/Samples/ExposeHDRPInternals/HDRP-Editor-ref.asmref has no target assembly definition
'Packages/com.unity.cinemachine/Editor/Obsolete/CinemachineVirtualCameraBaseEditor.cs' contains partial class of Unity.Object, exactly 1 of the partial classes needs to be in a file with the same filename. This is to know the one that can be referenced from ie. GameObjects
'Packages/com.unity.cinemachine/Editor/Editors/CinemachineVirtualCameraBaseEditor.cs' contains partial class of Unity.Object, exactly 1 of the partial classes needs to be in a file with the same filename. This is to know the one that can be referenced from ie. GameObjects
Refreshing native plugins compatible for Editor in 9.82 ms, found 7 plugins.
Native extension for UWP target not found
Native extension for WindowsStandalone target not found
Native extension for WebGL target not found
Assembly reference Packages/com.unity.cinemachine/Editor/Samples/ExposeHDRPInternals/HDRP-Editor-ref.asmref has no target assembly definition
[Package Manager] Failed to launch server process. Reason: Unity was launched with the -noUpm command-line argument
[Package Manager] Unable to send message (not connected to server process).
[Package Manager] Cannot connect to Unity Package Manager local server
Mono: successfully reloaded assembly
- Finished resetting the current domain, in  7.463 seconds
Domain Reload Profiling: 10229ms
	BeginReloadAssembly (683ms)
		ExecutionOrderSort (0ms)
		DisableScriptedObjects (18ms)
		BackupInstance (0ms)
		ReleaseScriptingObjects (0ms)
		CreateAndSetChildDomain (148ms)
	RebuildCommonClasses (135ms)
	RebuildNativeTypeToScriptingClass (44ms)
	initialDomainReloadingComplete (105ms)
	LoadAllAssembliesAndSetupDomain (1797ms)
		LoadAssemblies (1339ms)
		RebuildTransferFunctionScriptingTraits (0ms)
		AnalyzeDomain (824ms)
			TypeCache.Refresh (16ms)
				TypeCache.ScanAssembly (0ms)
			BuildScriptInfoCaches (765ms)
			ResolveRequiredComponents (29ms)
	FinalizeReload (7466ms)
		ReleaseScriptCaches (0ms)
		RebuildScriptCaches (0ms)
		SetupLoadedEditorAssemblies (6523ms)
			LogAssemblyErrors (0ms)
			InitializePlatformSupportModulesInManaged (10ms)
			SetLoadedEditorAssemblies (16ms)
			BeforeProcessingInitializeOnLoad (2576ms)
			ProcessInitializeOnLoadAttributes (3001ms)
			ProcessInitializeOnLoadMethodAttributes (905ms)
			AfterProcessingInitializeOnLoad (13ms)
			EditorAssembliesLoaded (2ms)
		ExecutionOrderSort2 (0ms)
		AwakeInstancesAfterBackupRestoration (95ms)
Refreshing native plugins compatible for Editor in 16.02 ms, found 7 plugins.
Preloading 0 native plugins for Editor in 0.00 ms.
Unloading 67 Unused Serialized files (Serialized files now loaded: 0)
Unloading 8116 unused Assets / (19.3 MB). Loaded Objects now: 9192.
Memory consumption went from 191.0 MB to 171.7 MB.
Total: 62.547500 ms (FindLiveObjects: 3.939600 ms CreateObjectMapping: 5.868300 ms MarkObjects: 21.832300 ms  DeleteObjects: 30.905100 ms)

Prepare: number of updated asset objects reloaded= 0
========================================================================
Received Import Request.
  Time since last request: 265.462101 seconds.
  path: Assets/_3DStealthGame/Scenes/Main.unity
  artifactKey: Guid(2fd2aeda3a6c2b64ca0187777af1b8c6) Importer(2089858483,192608db42251d675da83286b1cce702)
Start importing Assets/_3DStealthGame/Scenes/Main.unity using Guid(2fd2aeda3a6c2b64ca0187777af1b8c6) Importer(2089858483,192608db42251d675da83286b1cce702) (ScriptedImporter) -> (artifact id: 'ea42b016c5a83f481a63c832c534a7a3') in 0.489449 seconds
Number of updated asset objects reloaded before import = 0Number of asset objects unloaded after import = 1

========================================================================
Received Import Request.
  Time since last request: 32.774163 seconds.
  path: Assets/_3DStealthGame/Prefabs/Characters/Ghost.prefab
  artifactKey: Guid(be04c01cb8f5680408c93428c346fe16) Importer(2089858483,192608db42251d675da83286b1cce702)
Start importing Assets/_3DStealthGame/Prefabs/Characters/Ghost.prefab using Guid(be04c01cb8f5680408c93428c346fe16) Importer(2089858483,192608db42251d675da83286b1cce702) (ScriptedImporter) -> (artifact id: '34f4b3953b0a57b69a7997b2a7d34c05') in 0.4587182 seconds
Number of updated asset objects reloaded before import = 0Number of asset objects unloaded after import = 61

========================================================================
Received Import Request.
  Time since last request: 5.901281 seconds.
  path: Assets/_3DStealthGame/Prefabs/Characters/Ghost.prefab
  artifactKey: Guid(be04c01cb8f5680408c93428c346fe16) Importer(2089858483,192608db42251d675da83286b1cce702)
Start importing Assets/_3DStealthGame/Prefabs/Characters/Ghost.prefab using Guid(be04c01cb8f5680408c93428c346fe16) Importer(2089858483,192608db42251d675da83286b1cce702) (ScriptedImporter) -> (artifact id: 'f71be219b0efb027832173cd69432929') in 0.1590174 seconds
Number of updated asset objects reloaded before import = 0Number of asset objects unloaded after import = 61

========================================================================
Received Import Request.
  Time since last request: 100.862926 seconds.
  path: Assets/_3DStealthGame/Scenes/Main.unity
  artifactKey: Guid(2fd2aeda3a6c2b64ca0187777af1b8c6) Importer(2089858483,192608db42251d675da83286b1cce702)
Start importing Assets/_3DStealthGame/Scenes/Main.unity using Guid(2fd2aeda3a6c2b64ca0187777af1b8c6) Importer(2089858483,192608db42251d675da83286b1cce702) (ScriptedImporter) -> (artifact id: '1314b44bcc9801e5ceba7225f786dfdc') in 0.0416416 seconds
Number of updated asset objects reloaded before import = 0Number of asset objects unloaded after import = 1

========================================================================
Received Import Request.
  Time since last request: 121.400925 seconds.
  path: Assets/Settings
  artifactKey: Guid(c99b45714950d574a9feaab0933bb391) Importer(2089858483,192608db42251d675da83286b1cce702)
Start importing Assets/Settings using Guid(c99b45714950d574a9feaab0933bb391) Importer(2089858483,192608db42251d675da83286b1cce702) (ScriptedImporter) -> (artifact id: '87336a71887ed73b6af7e4362d455095') in 0.0253405 seconds
Number of updated asset objects reloaded before import = 0Number of asset objects unloaded after import = 1

========================================================================
Received Import Request.
  Time since last request: 0.000042 seconds.
  path: Assets/Settings/Build Profiles
  artifactKey: Guid(afc42872557145348be16b7eb9dde88e) Importer(2089858483,192608db42251d675da83286b1cce702)
Start importing Assets/Settings/Build Profiles using Guid(afc42872557145348be16b7eb9dde88e) Importer(2089858483,192608db42251d675da83286b1cce702) (ScriptedImporter) -> (artifact id: '066fb5c80c7b6ec04b7d3cf862cf3dab') in 0.0215446 seconds
Number of updated asset objects reloaded before import = 0Number of asset objects unloaded after import = 1

========================================================================
Received Import Request.
  Time since last request: 0.000070 seconds.
  path: Assets/Settings/Build Profiles/Web - Desktop - Development.asset
  artifactKey: Guid(ba206e42c6c75c743bcec082b7da07bb) Importer(2089858483,192608db42251d675da83286b1cce702)
Start importing Assets/Settings/Build Profiles/Web - Desktop - Development.asset using Guid(ba206e42c6c75c743bcec082b7da07bb) Importer(2089858483,192608db42251d675da83286b1cce702) (ScriptedImporter) -> (artifact id: '73b3e95799bc7801dd0b156250952720') in 0.5680758 seconds
Number of updated asset objects reloaded before import = 0Number of asset objects unloaded after import = 1

========================================================================
Received Import Request.
  Time since last request: 0.000073 seconds.
  path: Assets/Settings/Build Profiles/Web - Desktop - Release.asset
  artifactKey: Guid(7ba4ca61a2b8f5c42b85adfd5ebd489a) Importer(2089858483,192608db42251d675da83286b1cce702)
Start importing Assets/Settings/Build Profiles/Web - Desktop - Release.asset using Guid(7ba4ca61a2b8f5c42b85adfd5ebd489a) Importer(2089858483,192608db42251d675da83286b1cce702) (ScriptedImporter) -> (artifact id: '9c86790d725eace3cb5e606584005d31') in 0.039772 seconds
Number of updated asset objects reloaded before import = 0Number of asset objects unloaded after import = 1

========================================================================
Received Prepare
Refreshing native plugins compatible for Editor in 6.46 ms, found 7 plugins.
Preloading 0 native plugins for Editor in 0.00 ms.
Unloading 67 Unused Serialized files (Serialized files now loaded: 0)
Unloading 67 unused Assets / (13.0 MB). Loaded Objects now: 9200.
Memory consumption went from 178.0 MB to 165.1 MB.
Total: 14.248900 ms (FindLiveObjects: 0.768800 ms CreateObjectMapping: 0.408000 ms MarkObjects: 9.752900 ms  DeleteObjects: 3.316500 ms)

Prepare: number of updated asset objects reloaded= 170
========================================================================
Received Prepare
Refreshing native plugins compatible for Editor in 64.50 ms, found 7 plugins.
Preloading 0 native plugins for Editor in 0.00 ms.
Unloading 67 Unused Serialized files (Serialized files now loaded: 0)
Unloading 67 unused Assets / (13.0 MB). Loaded Objects now: 9200.
Memory consumption went from 179.4 MB to 166.4 MB.
Total: 212.384600 ms (FindLiveObjects: 0.971900 ms CreateObjectMapping: 1.311100 ms MarkObjects: 22.252400 ms  DeleteObjects: 187.846000 ms)

Prepare: number of updated asset objects reloaded= 0
========================================================================
Received Prepare
Assembly reference Packages/com.unity.cinemachine/Editor/Samples/ExposeHDRPInternals/HDRP-Editor-ref.asmref has no target assembly definition
Assembly reference Packages/com.unity.cinemachine/Editor/Samples/ExposeHDRPInternals/HDRP-Editor-ref.asmref has no target assembly definition
Begin MonoManager ReloadAssembly
Duplicate assembly 'System.Runtime.CompilerServices.Unsafe.dll' with different versions detected, using 'Packages/com.unity.collections/Unity.Collections.Tests/System.Runtime.CompilerServices.Unsafe/System.Runtime.CompilerServices.Unsafe.dll, AssemblyName=System.Runtime.CompilerServices.Unsafe, Version=6.0.0.0, Culture=neutral, PublicKeyToken=b03f5f7f11d50a3a' and ignoring 'Packages/com.unity.ai.assistant/Plugins/Markdig/Dependencies/System.Runtime.CompilerServices.Unsafe.dll, AssemblyName=System.Runtime.CompilerServices.Unsafe, Version=4.0.6.0, Culture=neutral, PublicKeyToken=b03f5f7f11d50a3a'.Symbol file LoadedFromMemory is not a mono symbol file
Symbol file LoadedFromMemory is not a mono symbol file
- Loaded All Assemblies, in 51.211 seconds
Assembly reference Packages/com.unity.cinemachine/Editor/Samples/ExposeHDRPInternals/HDRP-Editor-ref.asmref has no target assembly definition
'Packages/com.unity.cinemachine/Editor/Obsolete/CinemachineVirtualCameraBaseEditor.cs' contains partial class of Unity.Object, exactly 1 of the partial classes needs to be in a file with the same filename. This is to know the one that can be referenced from ie. GameObjects
'Packages/com.unity.cinemachine/Editor/Editors/CinemachineVirtualCameraBaseEditor.cs' contains partial class of Unity.Object, exactly 1 of the partial classes needs to be in a file with the same filename. This is to know the one that can be referenced from ie. GameObjects
Refreshing native plugins compatible for Editor in 31.13 ms, found 7 plugins.
Native extension for UWP target not found
Native extension for WindowsStandalone target not found
Native extension for WebGL target not found
Assembly reference Packages/com.unity.cinemachine/Editor/Samples/ExposeHDRPInternals/HDRP-Editor-ref.asmref has no target assembly definition
[Package Manager] Failed to launch server process. Reason: Unity was launched with the -noUpm command-line argument
[Package Manager] Unable to send message (not connected to server process).
[Package Manager] Cannot connect to Unity Package Manager local server
Mono: successfully reloaded assembly
- Finished resetting the current domain, in 14.883 seconds
Domain Reload Profiling: 66120ms
	BeginReloadAssembly (17170ms)
		ExecutionOrderSort (0ms)
		DisableScriptedObjects (2178ms)
		BackupInstance (0ms)
		ReleaseScriptingObjects (2ms)
		CreateAndSetChildDomain (3322ms)
	RebuildCommonClasses (225ms)
	RebuildNativeTypeToScriptingClass (146ms)
	initialDomainReloadingComplete (667ms)
	LoadAllAssembliesAndSetupDomain (33027ms)
		LoadAssemblies (18728ms)
		RebuildTransferFunctionScriptingTraits (0ms)
		AnalyzeDomain (24282ms)
			TypeCache.Refresh (20558ms)
				TypeCache.ScanAssembly (7137ms)
			BuildScriptInfoCaches (3271ms)
			ResolveRequiredComponents (114ms)
	FinalizeReload (14885ms)
		ReleaseScriptCaches (0ms)
		RebuildScriptCaches (0ms)
		SetupLoadedEditorAssemblies (11609ms)
			LogAssemblyErrors (0ms)
			InitializePlatformSupportModulesInManaged (7ms)
			SetLoadedEditorAssemblies (223ms)
			BeforeProcessingInitializeOnLoad (5963ms)
			ProcessInitializeOnLoadAttributes (3926ms)
			ProcessInitializeOnLoadMethodAttributes (1481ms)
			AfterProcessingInitializeOnLoad (8ms)
			EditorAssembliesLoaded (1ms)
		ExecutionOrderSort2 (0ms)
		AwakeInstancesAfterBackupRestoration (203ms)
Refreshing native plugins compatible for Editor in 29.45 ms, found 7 plugins.
Preloading 0 native plugins for Editor in 0.00 ms.
Unloading 67 Unused Serialized files (Serialized files now loaded: 0)
Unloading 8116 unused Assets / (20.5 MB). Loaded Objects now: 9202.
Memory consumption went from 186.1 MB to 165.6 MB.
Total: 99.334600 ms (FindLiveObjects: 3.395200 ms CreateObjectMapping: 9.202800 ms MarkObjects: 40.483600 ms  DeleteObjects: 46.250600 ms)

Prepare: number of updated asset objects reloaded= 0
========================================================================
Received Import Request.
  Time since last request: 4168.481998 seconds.
  path: Assets/_3DStealthGame/Settings/URP_Asset.asset
  artifactKey: Guid(3d05c7b7a6d4c2846878970b4d86ab11) Importer(2089858483,192608db42251d675da83286b1cce702)
Start importing Assets/_3DStealthGame/Settings/URP_Asset.asset using Guid(3d05c7b7a6d4c2846878970b4d86ab11) Importer(2089858483,192608db42251d675da83286b1cce702) (ScriptedImporter) -> (artifact id: '88c44cd2161ba52d3fe107b2d8b89a88') in 6.3230397 seconds
Number of updated asset objects reloaded before import = 2Number of asset objects unloaded after import = 1

========================================================================
Received Import Request.
  Time since last request: 0.000409 seconds.
  path: Assets/Settings/Build Profiles/Web - Desktop - Release.asset
  artifactKey: Guid(7ba4ca61a2b8f5c42b85adfd5ebd489a) Importer(2089858483,192608db42251d675da83286b1cce702)
Start importing Assets/Settings/Build Profiles/Web - Desktop - Release.asset using Guid(7ba4ca61a2b8f5c42b85adfd5ebd489a) Importer(2089858483,192608db42251d675da83286b1cce702) (ScriptedImporter) -> (artifact id: '33af2fbbb535bd4a4548e84a03edc688') in 0.6362803 seconds
Number of updated asset objects reloaded before import = 0Number of asset objects unloaded after import = 1

========================================================================
Received Import Request.
  Time since last request: 0.000072 seconds.
  path: Assets/_3DStealthGame/Settings/UniversalRenderPipelineGlobalSettings.asset
  artifactKey: Guid(cb6b94e2cdcd28147bae9769b2f70762) Importer(2089858483,192608db42251d675da83286b1cce702)
Start importing Assets/_3DStealthGame/Settings/UniversalRenderPipelineGlobalSettings.asset using Guid(cb6b94e2cdcd28147bae9769b2f70762) Importer(2089858483,192608db42251d675da83286b1cce702) (ScriptedImporter) -> (artifact id: '81d8db130db938a5ca375e94f7880417') in 0.237194 seconds
Number of updated asset objects reloaded before import = 0Number of asset objects unloaded after import = 0

